invoice_id,vendor_gstin,invoice_number,invoice_date,filing_period,taxable_value,cgst,sgst,igst,total_tax,total_invoice_value
INV00001,27KDDIS6778DGZY,INV/042025/00001,2025-04-01,04-2025,146835.53,0.0,0.0,26430.4,26430.4,173265.93
INV00002,27KDDIS6778DGZY,INV/082025/00002,2025-08-30,08-2025,222329.45,0.0,0.0,11116.47,11116.47,233445.92
INV00003,27KDDIS6778DGZY,INV/072025/00003,2025-07-09,07-2025,101950.85,0.0,0.0,12234.1,12234.1,114184.95
INV00004,27KDDIS6778DGZY,INV/042025/00004,2025-04-06,04-2025,237257.08,0.0,0.0,28470.85,28470.85,265727.93
INV00005,27KDDIS6778DGZY,INV/052025/00005,2025-05-21,05-2025,47451.28,0.0,0.0,5694.15,5694.15,53145.43
INV00006,27KDDIS6778DGZY,INV/072025/00006,2025-07-30,07-2025,233911.19,0.0,0.0,42104.01,42104.01,276015.2
INV00007,27KDDIS6778DGZY,INV/102025/00007,2025-10-16,10-2025,143524.41,0.0,0.0,7176.22,7176.22,150700.63
INV00008,27KDDIS6778DGZY,INV/062025/00008,2025-06-21,06-2025,65051.06,0.0,0.0,7806.13,7806.13,72857.19
INV00009,27KDDIS6778DGZY,INV/062025/00009,2025-06-13,06-2025,213167.72,0.0,0.0,38370.19,38370.19,251537.91
INV00010,27KDDIS6778DGZY,INV/112025/00010,2025-11-30,11-2025,202509.52,0.0,0.0,24301.14,24301.14,226810.66
INV00011,27KDDIS6778DGZY,INV/072025/00011,2025-07-28,07-2025,156988.35,0.0,0.0,43956.74,43956.74,200945.09
INV00012,27KDDIS6778DGZY,INV/082025/00012,2025-08-18,08-2025,245457.85,0.0,0.0,29454.94,29454.94,274912.79
INV00013,27KDDIS6778DGZY,INV/122025/00013,2025-12-22,12-2025,75440.88,0.0,0.0,3772.04,3772.04,79212.92
INV00014,27KDDIS6778DGZY,INV/072025/00014,2025-07-12,07-2025,219689.57,0.0,0.0,39544.12,39544.12,259233.69
INV00015,27KDDIS6778DGZY,INV/112025/00015,2025-11-09,11-2025,193846.64,0.0,0.0,54277.06,54277.06,248123.7
INV00016,27KDDIS6778DGZY,INV/072025/00016,2025-07-10,07-2025,178685.65,0.0,0.0,21442.28,21442.28,200127.93
INV00017,27KDDIS6778DGZY,INV/122025/00017,2025-12-02,12-2025,188945.72,0.0,0.0,52904.8,52904.8,241850.52
INV00018,27KDDIS6778DGZY,INV/072025/00018,2025-07-10,07-2025,226964.71,0.0,0.0,63550.12,63550.12,290514.83
INV00019,27KDDIS6778DGZY,INV/022026/00019,2026-02-12,02-2026,152474.73,0.0,0.0,27445.45,27445.45,179920.18
INV00020,27KDDIS6778DGZY,INV/082025/00020,2025-08-02,08-2025,103136.81,0.0,0.0,5156.84,5156.84,108293.65
INV00021,27KDDIS6778DGZY,INV/052025/00021,2025-05-17,05-2025,95906.98,0.0,0.0,11508.84,11508.84,107415.82
INV00022,27KDDIS6778DGZY,INV/112025/00022,2025-11-24,11-2025,34298.94,0.0,0.0,1714.95,1714.95,36013.89
INV00023,27KDDIS6778DGZY,INV/012026/00023,2026-01-28,01-2026,34712.98,0.0,0.0,4165.56,4165.56,38878.54
INV00024,27KDDIS6778DGZY,INV/112025/00024,2025-11-02,11-2025,18297.75,0.0,0.0,5123.37,5123.37,23421.12
INV00025,27KDDIS6778DGZY,INV/112025/00025,2025-11-21,11-2025,199196.11,0.0,0.0,35855.3,35855.3,235051.41
INV00026,27KDDIS6778DGZY,INV/012026/00026,2026-01-02,01-2026,80554.89,0.0,0.0,9666.59,9666.59,90221.48
INV00027,27KDDIS6778DGZY,INV/072025/00027,2025-07-15,07-2025,163391.09,0.0,0.0,29410.4,29410.4,192801.49
INV00028,27KDDIS6778DGZY,INV/022026/00028,2026-02-14,02-2026,198379.33,0.0,0.0,55546.21,55546.21,253925.54
INV00029,27KDDIS6778DGZY,INV/042025/00029,2025-04-05,04-2025,68757.09,0.0,0.0,8250.85,8250.85,77007.94
INV00030,27KDDIS6778DGZY,INV/022026/00030,2026-02-28,02-2026,206199.7,0.0,0.0,37115.95,37115.95,243315.65
INV00031,27KDDIS6778DGZY,INV/122025/00031,2025-12-27,12-2025,244032.09,0.0,0.0,68328.99,68328.99,312361.08
INV00032,27KDDIS6778DGZY,INV/082025/00032,2025-08-21,08-2025,240782.42,0.0,0.0,67419.08,67419.08,308201.5
INV00033,27KDDIS6778DGZY,INV/012026/00033,2026-01-10,01-2026,196630.18,0.0,0.0,9831.51,9831.51,206461.69
INV00034,27KDDIS6778DGZY,INV/052025/00034,2025-05-10,05-2025,103122.95,0.0,0.0,5156.15,5156.15,108279.1
INV00035,27KDDIS6778DGZY,INV/072025/00035,2025-07-17,07-2025,216291.46,0.0,0.0,60561.61,60561.61,276853.07
INV00036,27KDDIS6778DGZY,INV/042025/00036,2025-04-13,04-2025,167772.1,0.0,0.0,20132.65,20132.65,187904.75
INV00037,27KDDIS6778DGZY,INV/022026/00037,2026-02-04,02-2026,225366.78,0.0,0.0,40566.02,40566.02,265932.8
INV00038,27KDDIS6778DGZY,INV/052025/00038,2025-05-06,05-2025,93677.08,0.0,0.0,26229.58,26229.58,119906.66
INV00039,27KDDIS6778DGZY,INV/072025/00039,2025-07-12,07-2025,115571.42,0.0,0.0,13868.57,13868.57,129439.99
INV00040,27KDDIS6778DGZY,INV/022026/00040,2026-02-01,02-2026,115167.91,0.0,0.0,13820.15,13820.15,128988.06
INV00041,27KDDIS6778DGZY,INV/122025/00041,2025-12-09,12-2025,72164.73,0.0,0.0,3608.24,3608.24,75772.97
INV00042,27KDDIS6778DGZY,INV/012026/00042,2026-01-12,01-2026,6618.58,0.0,0.0,330.93,330.93,6949.51
INV00043,27KDDIS6778DGZY,INV/082025/00043,2025-08-11,08-2025,138943.9,0.0,0.0,6947.19,6947.19,145891.09
INV00044,27KDDIS6778DGZY,INV/032026/00044,2026-03-06,03-2026,67067.42,0.0,0.0,8048.09,8048.09,75115.51
INV00045,27KDDIS6778DGZY,INV/052025/00045,2025-05-25,05-2025,94902.37,0.0,0.0,17082.43,17082.43,111984.8
INV00046,27KDDIS6778DGZY,INV/072025/00046,2025-07-16,07-2025,76888.23,0.0,0.0,13839.88,13839.88,90728.11
INV00047,27KDDIS6778DGZY,INV/032026/00047,2026-03-28,03-2026,185942.57,0.0,0.0,52063.92,52063.92,238006.49
INV00048,27KDDIS6778DGZY,INV/112025/00048,2025-11-29,11-2025,66026.81,0.0,0.0,11884.83,11884.83,77911.64
INV00049,27KDDIS6778DGZY,INV/062025/00049,2025-06-07,06-2025,179548.17,0.0,0.0,32318.67,32318.67,211866.84
INV00050,27KDDIS6778DGZY,INV/042025/00050,2025-04-11,04-2025,177835.35,0.0,0.0,32010.36,32010.36,209845.71
INV00051,27KDDIS6778DGZY,INV/122025/00051,2025-12-07,12-2025,47299.04,0.0,0.0,13243.73,13243.73,60542.77
INV00052,27KDDIS6778DGZY,INV/032026/00052,2026-03-27,03-2026,16337.93,0.0,0.0,1960.55,1960.55,18298.48
INV00053,27GUPXB2182PFZV,INV/112025/00001,2025-11-04,11-2025,77915.73,0.0,0.0,3895.79,3895.79,81811.52
INV00054,27GUPXB2182PFZV,INV/102025/00002,2025-10-30,10-2025,160428.84,0.0,0.0,44920.08,44920.08,205348.92
INV00055,27GUPXB2182PFZV,INV/112025/00003,2025-11-01,11-2025,142374.53,0.0,0.0,39864.87,39864.87,182239.4
INV00056,27GUPXB2182PFZV,INV/122025/00004,2025-12-22,12-2025,189412.25,0.0,0.0,9470.61,9470.61,198882.86
INV00057,27GUPXB2182PFZV,INV/102025/00005,2025-10-01,10-2025,116570.59,0.0,0.0,32639.77,32639.77,149210.36
INV00058,27GUPXB2182PFZV,INV/032026/00006,2026-03-09,03-2026,100291.86,0.0,0.0,12035.02,12035.02,112326.88
INV00059,27GUPXB2182PFZV,INV/022026/00007,2026-02-24,02-2026,56968.71,0.0,0.0,15951.24,15951.24,72919.95
INV00060,27GUPXB2182PFZV,INV/032026/00008,2026-03-16,03-2026,72748.75,0.0,0.0,20369.65,20369.65,93118.4
INV00061,27GUPXB2182PFZV,INV/092025/00009,2025-09-24,09-2025,12068.41,0.0,0.0,2172.31,2172.31,14240.72
INV00062,27GUPXB2182PFZV,INV/032026/00010,2026-03-18,03-2026,118973.03,0.0,0.0,14276.76,14276.76,133249.79
INV00063,27GUPXB2182PFZV,INV/092025/00011,2025-09-03,09-2025,128212.29,0.0,0.0,6410.61,6410.61,134622.9
INV00064,27GUPXB2182PFZV,INV/042025/00012,2025-04-15,04-2025,244633.84,0.0,0.0,12231.69,12231.69,256865.53
INV00065,27GUPXB2182PFZV,INV/052025/00013,2025-05-11,05-2025,19328.43,0.0,0.0,2319.41,2319.41,21647.84
INV00066,27GUPXB2182PFZV,INV/012026/00014,2026-01-08,01-2026,112917.19,0.0,0.0,13550.06,13550.06,126467.25
INV00067,27GUPXB2182PFZV,INV/092025/00015,2025-09-30,09-2025,7068.7,0.0,0.0,353.44,353.44,7422.14
INV00068,27GUPXB2182PFZV,INV/112025/00016,2025-11-03,11-2025,153267.78,0.0,0.0,18392.13,18392.13,171659.91
INV00069,27GUPXB2182PFZV,INV/052025/00017,2025-05-01,05-2025,132665.51,0.0,0.0,37146.34,37146.34,169811.85
INV00070,27GUPXB2182PFZV,INV/082025/00018,2025-08-23,08-2025,186201.26,0.0,0.0,22344.15,22344.15,208545.41
INV00071,27GUPXB2182PFZV,INV/112025/00019,2025-11-14,11-2025,65747.35,0.0,0.0,18409.26,18409.26,84156.61
INV00072,27GUPXB2182PFZV,INV/042025/00020,2025-04-18,04-2025,183132.3,0.0,0.0,32963.81,32963.81,216096.11
INV00073,27GUPXB2182PFZV,INV/082025/00021,2025-08-30,08-2025,118203.2,0.0,0.0,14184.38,14184.38,132387.58
INV00074,27GUPXB2182PFZV,INV/012026/00022,2026-01-07,01-2026,95829.09,0.0,0.0,4791.45,4791.45,100620.54
INV00075,27GUPXB2182PFZV,INV/042025/00023,2025-04-21,04-2025,104103.25,0.0,0.0,12492.39,12492.39,116595.64
INV00076,27GUPXB2182PFZV,INV/122025/00024,2025-12-09,12-2025,92217.94,0.0,0.0,25821.02,25821.02,118038.96
INV00077,27GUPXB2182PFZV,INV/072025/00025,2025-07-21,07-2025,139408.93,0.0,0.0,16729.07,16729.07,156138.0
INV00078,27GUPXB2182PFZV,INV/022026/00026,2026-02-05,02-2026,112399.48,0.0,0.0,31471.85,31471.85,143871.33
INV00079,27GUPXB2182PFZV,INV/062025/00027,2025-06-14,06-2025,59906.87,0.0,0.0,7188.82,7188.82,67095.69
INV00080,27GUPXB2182PFZV,INV/072025/00028,2025-07-03,07-2025,4397.87,0.0,0.0,219.89,219.89,4617.76
INV00081,27GUPXB2182PFZV,INV/042025/00029,2025-04-29,04-2025,78342.53,0.0,0.0,9401.1,9401.1,87743.63
INV00082,27GUPXB2182PFZV,INV/122025/00030,2025-12-12,12-2025,51820.6,0.0,0.0,9327.71,9327.71,61148.31
INV00083,27GUPXB2182PFZV,INV/112025/00031,2025-11-23,11-2025,85570.0,0.0,0.0,23959.6,23959.6,109529.6
INV00084,27GUPXB2182PFZV,INV/072025/00032,2025-07-30,07-2025,101966.3,0.0,0.0,18353.93,18353.93,120320.23
INV00085,27GUPXB2182PFZV,INV/112025/00033,2025-11-16,11-2025,219685.5,0.0,0.0,10984.28,10984.28,230669.78
INV00086,27GUPXB2182PFZV,INV/022026/00034,2026-02-24,02-2026,110731.43,0.0,0.0,13287.77,13287.77,124019.2
INV00087,27GUPXB2182PFZV,INV/082025/00035,2025-08-21,08-2025,205702.54,0.0,0.0,10285.13,10285.13,215987.67
INV00088,27GUPXB2182PFZV,INV/112025/00036,2025-11-02,11-2025,33244.09,0.0,0.0,9308.35,9308.35,42552.44
INV00089,27GUPXB2182PFZV,INV/122025/00037,2025-12-14,12-2025,23422.1,0.0,0.0,6558.19,6558.19,29980.29
INV00090,27GUPXB2182PFZV,INV/092025/00038,2025-09-29,09-2025,238612.62,0.0,0.0,28633.51,28633.51,267246.13
INV00091,27GUPXB2182PFZV,INV/082025/00039,2025-08-15,08-2025,208485.49,0.0,0.0,58375.94,58375.94,266861.43
INV00092,27GUPXB2182PFZV,INV/042025/00040,2025-04-06,04-2025,45813.87,0.0,0.0,5497.66,5497.66,51311.53
INV00093,27GUPXB2182PFZV,INV/112025/00041,2025-11-14,11-2025,207506.55,0.0,0.0,10375.33,10375.33,217881.88
INV00094,27GUPXB2182PFZV,INV/032026/00042,2026-03-03,03-2026,209581.08,0.0,0.0,25149.73,25149.73,234730.81
INV00095,27GUPXB2182PFZV,INV/072025/00043,2025-07-26,07-2025,124400.44,0.0,0.0,14928.05,14928.05,139328.49
INV00096,27GUPXB2182PFZV,INV/092025/00044,2025-09-12,09-2025,113004.53,0.0,0.0,20340.82,20340.82,133345.35
INV00097,27GUPXB2182PFZV,INV/122025/00045,2025-12-15,12-2025,99938.8,0.0,0.0,4996.94,4996.94,104935.74
INV00098,27GUPXB2182PFZV,INV/062025/00046,2025-06-20,06-2025,78165.08,0.0,0.0,3908.25,3908.25,82073.33
INV00099,27GUPXB2182PFZV,INV/112025/00047,2025-11-07,11-2025,131323.41,0.0,0.0,6566.17,6566.17,137889.58
INV00100,27GUPXB2182PFZV,INV/032026/00048,2026-03-28,03-2026,164891.89,0.0,0.0,29680.54,29680.54,194572.43
INV00101,27GUPXB2182PFZV,INV/122025/00049,2025-12-23,12-2025,48678.66,0.0,0.0,2433.93,2433.93,51112.59
INV00102,27GUPXB2182PFZV,INV/072025/00050,2025-07-18,07-2025,183714.2,0.0,0.0,51439.98,51439.98,235154.18
INV00103,27GUPXB2182PFZV,INV/092025/00051,2025-09-08,09-2025,190461.91,0.0,0.0,9523.1,9523.1,199985.01
INV00104,09ACDKQ9146PMZR,INV/052025/00001,2025-05-13,05-2025,115644.4,0.0,0.0,20815.99,20815.99,136460.39
INV00105,09ACDKQ9146PMZR,INV/062025/00002,2025-06-23,06-2025,176596.62,0.0,0.0,21191.59,21191.59,197788.21
INV00106,09ACDKQ9146PMZR,INV/082025/00003,2025-08-21,08-2025,189842.77,0.0,0.0,34171.7,34171.7,224014.47
INV00107,09ACDKQ9146PMZR,INV/022026/00004,2026-02-04,02-2026,148958.33,0.0,0.0,17875.0,17875.0,166833.33
INV00108,09ACDKQ9146PMZR,INV/102025/00005,2025-10-02,10-2025,113185.67,0.0,0.0,5659.28,5659.28,118844.95
INV00109,09ACDKQ9146PMZR,INV/042025/00006,2025-04-06,04-2025,174520.52,0.0,0.0,31413.69,31413.69,205934.21
INV00110,09ACDKQ9146PMZR,INV/022026/00007,2026-02-20,02-2026,154343.57,0.0,0.0,27781.84,27781.84,182125.41
INV00111,09ACDKQ9146PMZR,INV/082025/00008,2025-08-30,08-2025,185493.63,0.0,0.0,33388.85,33388.85,218882.48
INV00112,09ACDKQ9146PMZR,INV/082025/00009,2025-08-03,08-2025,169085.91,0.0,0.0,30435.46,30435.46,199521.37
INV00113,09ACDKQ9146PMZR,INV/102025/00010,2025-10-25,10-2025,152432.82,0.0,0.0,27437.91,27437.91,179870.73
INV00114,09ACDKQ9146PMZR,INV/102025/00011,2025-10-26,10-2025,202482.46,0.0,0.0,36446.84,36446.84,238929.3
INV00115,09ACDKQ9146PMZR,INV/052025/00012,2025-05-12,05-2025,130383.22,0.0,0.0,15645.99,15645.99,146029.21
INV00116,09ACDKQ9146PMZR,INV/012026/00013,2026-01-14,01-2026,110588.2,0.0,0.0,19905.88,19905.88,130494.08
INV00117,09ACDKQ9146PMZR,INV/092025/00014,2025-09-27,09-2025,13847.78,0.0,0.0,3877.38,3877.38,17725.16
INV00118,09ACDKQ9146PMZR,INV/012026/00015,2026-01-31,01-2026,95190.01,0.0,0.0,17134.2,17134.2,112324.21
INV00119,09ACDKQ9146PMZR,INV/062025/00016,2025-06-28,06-2025,135511.35,0.0,0.0,16261.36,16261.36,151772.71
INV00120,09ACDKQ9146PMZR,INV/052025/00017,2025-05-24,05-2025,138163.18,0.0,0.0,24869.37,24869.37,163032.55
INV00121,09ACDKQ9146PMZR,INV/052025/00018,2025-05-23,05-2025,190826.15,0.0,0.0,9541.31,9541.31,200367.46
INV00122,09ACDKQ9146PMZR,INV/122025/00019,2025-12-26,12-2025,242354.28,0.0,0.0,12117.71,12117.71,254471.99
INV00123,09ACDKQ9146PMZR,INV/102025/00020,2025-10-05,10-2025,95107.88,0.0,0.0,26630.21,26630.21,121738.09
INV00124,09ACDKQ9146PMZR,INV/022026/00021,2026-02-18,02-2026,244472.67,0.0,0.0,68452.35,68452.35,312925.02
INV00125,09ACDKQ9146PMZR,INV/032026/00022,2026-03-21,03-2026,234842.63,0.0,0.0,42271.67,42271.67,277114.3
INV00126,09ACDKQ9146PMZR,INV/032026/00023,2026-03-02,03-2026,247095.33,0.0,0.0,12354.77,12354.77,259450.1
INV00127,09ACDKQ9146PMZR,INV/092025/00024,2025-09-09,09-2025,181257.13,0.0,0.0,50752.0,50752.0,232009.13
INV00128,09ACDKQ9146PMZR,INV/112025/00025,2025-11-14,11-2025,162350.65,0.0,0.0,8117.53,8117.53,170468.18
INV00129,09ACDKQ9146PMZR,INV/012026/00026,2026-01-21,01-2026,165081.21,0.0,0.0,19809.75,19809.75,184890.96
INV00130,09ACDKQ9146PMZR,INV/052025/00027,2025-05-23,05-2025,110978.67,0.0,0.0,5548.93,5548.93,116527.6
INV00131,09ACDKQ9146PMZR,INV/052025/00028,2025-05-02,05-2025,4635.49,0.0,0.0,556.26,556.26,5191.75
INV00132,09ACDKQ9146PMZR,INV/082025/00029,2025-08-14,08-2025,56677.92,0.0,0.0,10202.03,10202.03,66879.95
INV00133,09ACDKQ9146PMZR,INV/102025/00030,2025-10-18,10-2025,124433.42,0.0,0.0,34841.36,34841.36,159274.78
INV00134,09ACDKQ9146PMZR,INV/032026/00031,2026-03-14,03-2026,71503.55,0.0,0.0,12870.64,12870.64,84374.19
INV00135,09ACDKQ9146PMZR,INV/072025/00032,2025-07-24,07-2025,63675.9,0.0,0.0,3183.8,3183.8,66859.7
INV00136,09ACDKQ9146PMZR,INV/052025/00033,2025-05-26,05-2025,78523.47,0.0,0.0,21986.57,21986.57,100510.04
INV00137,09ACDKQ9146PMZR,INV/092025/00034,2025-09-03,09-2025,83331.65,0.0,0.0,4166.58,4166.58,87498.23
INV00138,09ACDKQ9146PMZR,INV/022026/00035,2026-02-21,02-2026,219016.51,0.0,0.0,26281.98,26281.98,245298.49
INV00139,09ACDKQ9146PMZR,INV/072025/00036,2025-07-19,07-2025,186019.13,0.0,0.0,33483.44,33483.44,219502.57
INV00140,09ACDKQ9146PMZR,INV/072025/00037,2025-07-07,07-2025,73403.05,0.0,0.0,8808.37,8808.37,82211.42
INV00141,09ACDKQ9146PMZR,INV/042025/00038,2025-04-12,04-2025,112400.66,0.0,0.0,31472.18,31472.18,143872.84
INV00142,09ACDKQ9146PMZR,INV/122025/00039,2025-12-19,12-2025,206477.35,0.0,0.0,10323.87,10323.87,216801.22
INV00143,09ACDKQ9146PMZR,INV/072025/00040,2025-07-20,07-2025,74474.54,0.0,0.0,8936.94,8936.94,83411.48
INV00144,09ACDKQ9146PMZR,INV/012026/00041,2026-01-06,01-2026,211136.92,0.0,0.0,10556.85,10556.85,221693.77
INV00145,09ACDKQ9146PMZR,INV/092025/00042,2025-09-05,09-2025,3576.98,0.0,0.0,643.86,643.86,4220.84
INV00146,09ACDKQ9146PMZR,INV/052025/00043,2025-05-12,05-2025,160883.84,0.0,0.0,19306.06,19306.06,180189.9
INV00147,09ACDKQ9146PMZR,INV/042025/00044,2025-04-20,04-2025,187498.88,0.0,0.0,9374.94,9374.94,196873.82
INV00148,09ACDKQ9146PMZR,INV/082025/00045,2025-08-12,08-2025,44274.4,0.0,0.0,2213.72,2213.72,46488.12
INV00149,09ACDKQ9146PMZR,INV/102025/00046,2025-10-19,10-2025,161332.52,0.0,0.0,29039.85,29039.85,190372.37
INV00150,09ACDKQ9146PMZR,INV/052025/00047,2025-05-20,05-2025,14049.54,0.0,0.0,1685.94,1685.94,15735.48
INV00151,09ACDKQ9146PMZR,INV/112025/00048,2025-11-10,11-2025,211275.55,0.0,0.0,38029.6,38029.6,249305.15
INV00152,09ACDKQ9146PMZR,INV/052025/00049,2025-05-04,05-2025,209644.44,0.0,0.0,37736.0,37736.0,247380.44
INV00153,29YQKRK7255V6ZY,INV/022026/00001,2026-02-26,02-2026,220340.31,0.0,0.0,61695.29,61695.29,282035.6
INV00154,29YQKRK7255V6ZY,INV/042025/00002,2025-04-02,04-2025,94393.08,0.0,0.0,11327.17,11327.17,105720.25
INV00155,29YQKRK7255V6ZY,INV/042025/00003,2025-04-14,04-2025,147666.76,0.0,0.0,26580.02,26580.02,174246.78
INV00156,29YQKRK7255V6ZY,INV/042025/00004,2025-04-23,04-2025,177117.68,0.0,0.0,49592.95,49592.95,226710.63
INV00157,29YQKRK7255V6ZY,INV/112025/00005,2025-11-01,11-2025,76763.25,0.0,0.0,13817.39,13817.39,90580.64
INV00158,29YQKRK7255V6ZY,INV/122025/00006,2025-12-17,12-2025,235241.24,0.0,0.0,65867.55,65867.55,301108.79
INV00159,29YQKRK7255V6ZY,INV/052025/00007,2025-05-24,05-2025,65961.83,0.0,0.0,3298.09,3298.09,69259.92
INV00160,29YQKRK7255V6ZY,INV/082025/00008,2025-08-21,08-2025,221866.23,0.0,0.0,62122.54,62122.54,283988.77
INV00161,29YQKRK7255V6ZY,INV/122025/00009,2025-12-02,12-2025,11716.34,0.0,0.0,585.82,585.82,12302.16
INV00162,29YQKRK7255V6ZY,INV/062025/00010,2025-06-27,06-2025,96012.35,0.0,0.0,26883.46,26883.46,122895.81
INV00163,29YQKRK7255V6ZY,INV/022026/00011,2026-02-28,02-2026,110296.25,0.0,0.0,30882.95,30882.95,141179.2
INV00164,29YQKRK7255V6ZY,INV/122025/00012,2025-12-24,12-2025,134139.77,0.0,0.0,16096.77,16096.77,150236.54
INV00165,29YQKRK7255V6ZY,INV/062025/00013,2025-06-22,06-2025,94942.07,0.0,0.0,17089.57,17089.57,112031.64
INV00166,29YQKRK7255V6ZY,INV/022026/00014,2026-02-06,02-2026,235174.28,0.0,0.0,42331.37,42331.37,277505.65
INV00167,29YQKRK7255V6ZY,INV/082025/00015,2025-08-02,08-2025,25167.69,0.0,0.0,1258.38,1258.38,26426.07
INV00168,29YQKRK7255V6ZY,INV/102025/00016,2025-10-18,10-2025,18111.07,0.0,0.0,5071.1,5071.1,23182.17
INV00169,29YQKRK7255V6ZY,INV/112025/00017,2025-11-19,11-2025,162976.1,0.0,0.0,45633.31,45633.31,208609.41
INV00170,29YQKRK7255V6ZY,INV/012026/00018,2026-01-26,01-2026,108260.68,0.0,0.0,12991.28,12991.28,121251.96
INV00171,29YQKRK7255V6ZY,INV/102025/00019,2025-10-28,10-2025,220490.23,0.0,0.0,61737.26,61737.26,282227.49
INV00172,29YQKRK7255V6ZY,INV/102025/00020,2025-10-27,10-2025,42707.72,0.0,0.0,5124.93,5124.93,47832.65
INV00173,29YQKRK7255V6ZY,INV/042025/00021,2025-04-13,04-2025,24710.9,0.0,0.0,2965.31,2965.31,27676.21
INV00174,29YQKRK7255V6ZY,INV/072025/00022,2025-07-12,07-2025,24439.81,0.0,0.0,2932.78,2932.78,27372.59
INV00175,29YQKRK7255V6ZY,INV/052025/00023,2025-05-28,05-2025,8324.31,0.0,0.0,998.92,998.92,9323.23
INV00176,29YQKRK7255V6ZY,INV/012026/00024,2026-01-29,01-2026,25632.38,0.0,0.0,7177.07,7177.07,32809.45
INV00177,29YQKRK7255V6ZY,INV/072025/00025,2025-07-30,07-2025,194880.77,0.0,0.0,23385.69,23385.69,218266.46
INV00178,29YQKRK7255V6ZY,INV/122025/00026,2025-12-14,12-2025,125574.81,0.0,0.0,6278.74,6278.74,131853.55
INV00179,29YQKRK7255V6ZY,INV/062025/00027,2025-06-18,06-2025,178615.2,0.0,0.0,32150.74,32150.74,210765.94
INV00180,29YQKRK7255V6ZY,INV/012026/00028,2026-01-30,01-2026,142148.29,0.0,0.0,25586.69,25586.69,167734.98
INV00181,29YQKRK7255V6ZY,INV/122025/00029,2025-12-06,12-2025,76166.15,0.0,0.0,3808.31,3808.31,79974.46
INV00182,29YQKRK7255V6ZY,INV/032026/00030,2026-03-19,03-2026,102837.11,0.0,0.0,28794.39,28794.39,131631.5
INV00183,29YQKRK7255V6ZY,INV/022026/00031,2026-02-24,02-2026,111683.67,0.0,0.0,20103.06,20103.06,131786.73
INV00184,29YQKRK7255V6ZY,INV/102025/00032,2025-10-27,10-2025,221672.46,0.0,0.0,39901.04,39901.04,261573.5
INV00185,29YQKRK7255V6ZY,INV/012026/00033,2026-01-31,01-2026,199146.52,0.0,0.0,35846.37,35846.37,234992.89
INV00186,29YQKRK7255V6ZY,INV/032026/00034,2026-03-25,03-2026,170483.93,0.0,0.0,8524.2,8524.2,179008.13
INV00187,29YQKRK7255V6ZY,INV/102025/00035,2025-10-28,10-2025,162024.71,0.0,0.0,45366.92,45366.92,207391.63
INV00188,29YQKRK7255V6ZY,INV/042025/00036,2025-04-19,04-2025,20632.79,0.0,0.0,3713.9,3713.9,24346.69
INV00189,29YQKRK7255V6ZY,INV/032026/00037,2026-03-25,03-2026,125199.24,0.0,0.0,15023.91,15023.91,140223.15
INV00190,29YQKRK7255V6ZY,INV/012026/00038,2026-01-25,01-2026,178425.15,0.0,0.0,49959.04,49959.04,228384.19
INV00191,29YQKRK7255V6ZY,INV/052025/00039,2025-05-26,05-2025,120467.16,0.0,0.0,21684.09,21684.09,142151.25
INV00192,29YQKRK7255V6ZY,INV/122025/00040,2025-12-31,12-2025,107814.62,0.0,0.0,19406.63,19406.63,127221.25
INV00193,29YQKRK7255V6ZY,INV/052025/00041,2025-05-27,05-2025,186177.76,0.0,0.0,33512.0,33512.0,219689.76
INV00194,29YQKRK7255V6ZY,INV/092025/00042,2025-09-06,09-2025,71919.55,0.0,0.0,8630.35,8630.35,80549.9
INV00195,29YQKRK7255V6ZY,INV/072025/00043,2025-07-15,07-2025,229719.1,0.0,0.0,64321.35,64321.35,294040.45
INV00196,29YQKRK7255V6ZY,INV/122025/00044,2025-12-05,12-2025,52073.12,0.0,0.0,6248.77,6248.77,58321.89
INV00197,29YQKRK7255V6ZY,INV/112025/00045,2025-11-13,11-2025,68506.01,0.0,0.0,8220.72,8220.72,76726.73
INV00198,29YQKRK7255V6ZY,INV/072025/00046,2025-07-13,07-2025,174529.55,0.0,0.0,48868.27,48868.27,223397.82
INV00199,29YQKRK7255V6ZY,INV/082025/00047,2025-08-10,08-2025,206404.18,0.0,0.0,10320.21,10320.21,216724.39
INV00200,29YQKRK7255V6ZY,INV/042025/00048,2025-04-05,04-2025,174885.04,0.0,0.0,31479.31,31479.31,206364.35
INV00201,29YQKRK7255V6ZY,INV/042025/00049,2025-04-02,04-2025,151653.9,0.0,0.0,42463.09,42463.09,194116.99
INV00202,29YQKRK7255V6ZY,INV/012026/00050,2026-01-03,01-2026,244592.26,0.0,0.0,12229.61,12229.61,256821.87
INV00203,29YQKRK7255V6ZY,INV/022026/00051,2026-02-22,02-2026,107429.08,0.0,0.0,30080.14,30080.14,137509.22
INV00204,29YQKRK7255V6ZY,INV/122025/00052,2025-12-11,12-2025,41157.42,0.0,0.0,7408.34,7408.34,48565.76
INV00205,27USDRM2889MPZQ,INV/072025/00001,2025-07-12,07-2025,135029.25,0.0,0.0,6751.46,6751.46,141780.71
INV00206,27USDRM2889MPZQ,INV/122025/00002,2025-12-11,12-2025,170314.31,0.0,0.0,30656.58,30656.58,200970.89
INV00207,27USDRM2889MPZQ,INV/082025/00003,2025-08-08,08-2025,230556.82,0.0,0.0,27666.82,27666.82,258223.64
INV00208,27USDRM2889MPZQ,INV/112025/00004,2025-11-20,11-2025,161393.37,0.0,0.0,8069.67,8069.67,169463.04
INV00209,27USDRM2889MPZQ,INV/072025/00005,2025-07-01,07-2025,112091.17,0.0,0.0,20176.41,20176.41,132267.58
INV00210,27USDRM2889MPZQ,INV/032026/00006,2026-03-08,03-2026,67955.78,0.0,0.0,19027.62,19027.62,86983.4
INV00211,27USDRM2889MPZQ,INV/012026/00007,2026-01-06,01-2026,38627.28,0.0,0.0,1931.36,1931.36,40558.64
INV00212,27USDRM2889MPZQ,INV/062025/00008,2025-06-05,06-2025,121931.34,0.0,0.0,21947.64,21947.64,143878.98
INV00213,27USDRM2889MPZQ,INV/092025/00009,2025-09-16,09-2025,110390.24,0.0,0.0,13246.83,13246.83,123637.07
INV00214,27USDRM2889MPZQ,INV/112025/00010,2025-11-03,11-2025,211254.69,0.0,0.0,25350.56,25350.56,236605.25
INV00215,27USDRM2889MPZQ,INV/032026/00011,2026-03-27,03-2026,52876.28,0.0,0.0,9517.73,9517.73,62394.01
INV00216,27USDRM2889MPZQ,INV/122025/00012,2025-12-24,12-2025,108406.38,0.0,0.0,5420.32,5420.32,113826.7
INV00217,27USDRM2889MPZQ,INV/122025/00013,2025-12-10,12-2025,195936.58,0.0,0.0,54862.24,54862.24,250798.82
INV00218,27USDRM2889MPZQ,INV/102025/00014,2025-10-06,10-2025,172272.16,0.0,0.0,48236.2,48236.2,220508.36
INV00219,27USDRM2889MPZQ,INV/062025/00015,2025-06-14,06-2025,204720.52,0.0,0.0,10236.03,10236.03,214956.55
INV00220,27USDRM2889MPZQ,INV/122025/00016,2025-12-06,12-2025,183427.78,0.0,0.0,9171.39,9171.39,192599.17
INV00221,27USDRM2889MPZQ,INV/022026/00017,2026-02-06,02-2026,83287.68,0.0,0.0,14991.78,14991.78,98279.46
INV00222,27USDRM2889MPZQ,INV/102025/00018,2025-10-08,10-2025,245577.58,0.0,0.0,68761.72,68761.72,314339.3
INV00223,27USDRM2889MPZQ,INV/092025/00019,2025-09-13,09-2025,37364.2,0.0,0.0,1868.21,1868.21,39232.41
INV00224,27USDRM2889MPZQ,INV/042025/00020,2025-04-10,04-2025,91691.16,0.0,0.0,25673.52,25673.52,117364.68
INV00225,27USDRM2889MPZQ,INV/042025/00021,2025-04-06,04-2025,23089.61,0.0,0.0,1154.48,1154.48,24244.09
INV00226,27USDRM2889MPZQ,INV/072025/00022,2025-07-10,07-2025,62113.73,0.0,0.0,7453.65,7453.65,69567.38
INV00227,27USDRM2889MPZQ,INV/062025/00023,2025-06-09,06-2025,161452.14,0.0,0.0,8072.61,8072.61,169524.75
INV00228,27USDRM2889MPZQ,INV/112025/00024,2025-11-24,11-2025,34529.41,0.0,0.0,4143.53,4143.53,38672.94
INV00229,27USDRM2889MPZQ,INV/022026/00025,2026-02-28,02-2026,117029.96,0.0,0.0,14043.6,14043.6,131073.56
INV00230,27USDRM2889MPZQ,INV/012026/00026,2026-01-15,01-2026,95927.02,0.0,0.0,11511.24,11511.24,107438.26
INV00231,27USDRM2889MPZQ,INV/052025/00027,2025-05-25,05-2025,25791.5,0.0,0.0,1289.58,1289.58,27081.08
INV00232,27USDRM2889MPZQ,INV/092025/00028,2025-09-01,09-2025,60337.8,0.0,0.0,10860.8,10860.8,71198.6
INV00233,27USDRM2889MPZQ,INV/102025/00029,2025-10-09,10-2025,28912.63,0.0,0.0,5204.27,5204.27,34116.9
INV00234,27USDRM2889MPZQ,INV/082025/00030,2025-08-25,08-2025,137930.57,0.0,0.0,6896.53,6896.53,144827.1
INV00235,27USDRM2889MPZQ,INV/042025/00031,2025-04-28,04-2025,196472.18,0.0,0.0,9823.61,9823.61,206295.79
INV00236,27USDRM2889MPZQ,INV/062025/00032,2025-06-27,06-2025,89111.21,0.0,0.0,10693.35,10693.35,99804.56
INV00237,27USDRM2889MPZQ,INV/012026/00033,2026-01-27,01-2026,234154.63,0.0,0.0,42147.83,42147.83,276302.46
INV00238,27USDRM2889MPZQ,INV/052025/00034,2025-05-19,05-2025,113964.62,0.0,0.0,31910.09,31910.09,145874.71
INV00239,27USDRM2889MPZQ,INV/102025/00035,2025-10-02,10-2025,192789.4,0.0,0.0,53981.03,53981.03,246770.43
INV00240,27USDRM2889MPZQ,INV/122025/00036,2025-12-19,12-2025,98985.31,0.0,0.0,27715.89,27715.89,126701.2
INV00241,27USDRM2889MPZQ,INV/032026/00037,2026-03-13,03-2026,201936.61,0.0,0.0,56542.25,56542.25,258478.86
INV00242,27USDRM2889MPZQ,INV/092025/00038,2025-09-19,09-2025,11929.71,0.0,0.0,1431.57,1431.57,13361.28
INV00243,27USDRM2889MPZQ,INV/082025/00039,2025-08-29,08-2025,142097.12,0.0,0.0,39787.19,39787.19,181884.31
INV00244,27USDRM2889MPZQ,INV/032026/00040,2026-03-15,03-2026,216481.15,0.0,0.0,60614.72,60614.72,277095.87
INV00245,27USDRM2889MPZQ,INV/022026/00041,2026-02-04,02-2026,149381.26,0.0,0.0,41826.75,41826.75,191208.01
INV00246,27USDRM2889MPZQ,INV/012026/00042,2026-01-10,01-2026,138047.89,0.0,0.0,16565.75,16565.75,154613.64
INV00247,27USDRM2889MPZQ,INV/112025/00043,2025-11-01,11-2025,71039.07,0.0,0.0,3551.95,3551.95,74591.02
INV00248,27USDRM2889MPZQ,INV/032026/00044,2026-03-20,03-2026,159097.65,0.0,0.0,28637.58,28637.58,187735.23
INV00249,27USDRM2889MPZQ,INV/092025/00045,2025-09-26,09-2025,110081.05,0.0,0.0,30822.69,30822.69,140903.74
INV00250,27USDRM2889MPZQ,INV/072025/00046,2025-07-16,07-2025,243595.95,0.0,0.0,29231.51,29231.51,272827.46
INV00251,27USDRM2889MPZQ,INV/092025/00047,2025-09-21,09-2025,230425.11,0.0,0.0,41476.52,41476.52,271901.63
INV00252,27USDRM2889MPZQ,INV/102025/00048,2025-10-23,10-2025,64201.0,0.0,0.0,3210.05,3210.05,67411.05
INV00253,27USDRM2889MPZQ,INV/032026/00049,2026-03-06,03-2026,43111.43,0.0,0.0,12071.2,12071.2,55182.63
INV00254,27USDRM2889MPZQ,INV/012026/00050,2026-01-01,01-2026,121743.21,0.0,0.0,14609.19,14609.19,136352.4
INV00255,27USDRM2889MPZQ,INV/092025/00051,2025-09-02,09-2025,73266.82,0.0,0.0,3663.34,3663.34,76930.16
INV00256,29BCNBV5165KFZH,INV/012026/00001,2026-01-18,01-2026,97435.1,0.0,0.0,17538.32,17538.32,114973.42
INV00257,29BCNBV5165KFZH,INV/092025/00002,2025-09-11,09-2025,119711.29,0.0,0.0,14365.35,14365.35,134076.64
INV00258,29BCNBV5165KFZH,INV/102025/00003,2025-10-04,10-2025,176043.11,0.0,0.0,49292.07,49292.07,225335.18
INV00259,29BCNBV5165KFZH,INV/082025/00004,2025-08-27,08-2025,231461.03,0.0,0.0,11573.05,11573.05,243034.08
INV00260,29BCNBV5165KFZH,INV/012026/00005,2026-01-02,01-2026,57775.43,0.0,0.0,16177.12,16177.12,73952.55
INV00261,29BCNBV5165KFZH,INV/092025/00006,2025-09-29,09-2025,222302.11,0.0,0.0,62244.59,62244.59,284546.7
INV00262,29BCNBV5165KFZH,INV/042025/00007,2025-04-16,04-2025,104338.13,0.0,0.0,12520.58,12520.58,116858.71
INV00263,29BCNBV5165KFZH,INV/122025/00008,2025-12-07,12-2025,113898.74,0.0,0.0,20501.77,20501.77,134400.51
INV00264,29BCNBV5165KFZH,INV/112025/00009,2025-11-19,11-2025,112573.49,0.0,0.0,13508.82,13508.82,126082.31
INV00265,29BCNBV5165KFZH,INV/092025/00010,2025-09-25,09-2025,191221.17,0.0,0.0,9561.06,9561.06,200782.23
INV00266,29BCNBV5165KFZH,INV/112025/00011,2025-11-18,11-2025,249438.14,0.0,0.0,69842.68,69842.68,319280.82
INV00267,29BCNBV5165KFZH,INV/072025/00012,2025-07-13,07-2025,228728.85,0.0,0.0,64044.08,64044.08,292772.93
INV00268,29BCNBV5165KFZH,INV/092025/00013,2025-09-30,09-2025,21710.62,0.0,0.0,3907.91,3907.91,25618.53
INV00269,29BCNBV5165KFZH,INV/012026/00014,2026-01-17,01-2026,20112.8,0.0,0.0,2413.54,2413.54,22526.34
INV00270,29BCNBV5165KFZH,INV/022026/00015,2026-02-01,02-2026,180547.63,0.0,0.0,9027.38,9027.38,189575.01
INV00271,29BCNBV5165KFZH,INV/092025/00016,2025-09-29,09-2025,72097.73,0.0,0.0,12977.59,12977.59,85075.32
INV00272,29BCNBV5165KFZH,INV/022026/00017,2026-02-13,02-2026,212092.63,0.0,0.0,38176.67,38176.67,250269.3
INV00273,29BCNBV5165KFZH,INV/052025/00018,2025-05-19,05-2025,245768.42,0.0,0.0,68815.16,68815.16,314583.58
INV00274,29BCNBV5165KFZH,INV/082025/00019,2025-08-20,08-2025,133034.52,0.0,0.0,15964.14,15964.14,148998.66
INV00275,29BCNBV5165KFZH,INV/042025/00020,2025-04-24,04-2025,40566.3,0.0,0.0,2028.32,2028.32,42594.62
INV00276,29BCNBV5165KFZH,INV/022026/00021,2026-02-01,02-2026,169338.74,0.0,0.0,20320.65,20320.65,189659.39
INV00277,29BCNBV5165KFZH,INV/102025/00022,2025-10-15,10-2025,246607.91,0.0,0.0,12330.4,12330.4,258938.31
INV00278,29BCNBV5165KFZH,INV/072025/00023,2025-07-28,07-2025,78283.64,0.0,0.0,9394.04,9394.04,87677.68
INV00279,29BCNBV5165KFZH,INV/032026/00024,2026-03-01,03-2026,32090.1,0.0,0.0,8985.23,8985.23,41075.33
INV00280,29BCNBV5165KFZH,INV/112025/00025,2025-11-16,11-2025,195777.04,0.0,0.0,9788.85,9788.85,205565.89
INV00281,29BCNBV5165KFZH,INV/012026/00026,2026-01-03,01-2026,82891.84,0.0,0.0,14920.53,14920.53,97812.37
INV00282,29BCNBV5165KFZH,INV/072025/00027,2025-07-17,07-2025,223008.65,0.0,0.0,26761.04,26761.04,249769.69
INV00283,29BCNBV5165KFZH,INV/062025/00028,2025-06-08,06-2025,65265.45,0.0,0.0,18274.33,18274.33,83539.78
INV00284,29BCNBV5165KFZH,INV/032026/00029,2026-03-10,03-2026,147331.65,0.0,0.0,26519.7,26519.7,173851.35
INV00285,29BCNBV5165KFZH,INV/042025/00030,2025-04-10,04-2025,193411.07,0.0,0.0,54155.1,54155.1,247566.17
INV00286,29BCNBV5165KFZH,INV/062025/00031,2025-06-21,06-2025,113951.55,0.0,0.0,20511.28,20511.28,134462.83
INV00287,29BCNBV5165KFZH,INV/012026/00032,2026-01-01,01-2026,86820.25,0.0,0.0,10418.43,10418.43,97238.68
INV00288,29BCNBV5165KFZH,INV/012026/00033,2026-01-30,01-2026,93717.94,0.0,0.0,11246.15,11246.15,104964.09
INV00289,29BCNBV5165KFZH,INV/102025/00034,2025-10-26,10-2025,231445.82,0.0,0.0,11572.29,11572.29,243018.11
INV00290,29BCNBV5165KFZH,INV/012026/00035,2026-01-25,01-2026,19670.84,0.0,0.0,983.54,983.54,20654.38
INV00291,29BCNBV5165KFZH,INV/012026/00036,2026-01-12,01-2026,53948.89,0.0,0.0,15105.69,15105.69,69054.58
INV00292,29BCNBV5165KFZH,INV/022026/00037,2026-02-14,02-2026,127471.3,0.0,0.0,6373.57,6373.57,133844.87
INV00293,29BCNBV5165KFZH,INV/092025/00038,2025-09-26,09-2025,114989.9,0.0,0.0,32197.17,32197.17,147187.07
INV00294,29BCNBV5165KFZH,INV/052025/00039,2025-05-05,05-2025,170218.49,0.0,0.0,47661.18,47661.18,217879.67
INV00295,29BCNBV5165KFZH,INV/062025/00040,2025-06-18,06-2025,156472.66,0.0,0.0,18776.72,18776.72,175249.38
INV00296,29TXBRY6779P8ZV,INV/072025/00001,2025-07-25,07-2025,21213.81,0.0,0.0,1060.69,1060.69,22274.5
INV00297,29TXBRY6779P8ZV,INV/122025/00002,2025-12-05,12-2025,242077.54,0.0,0.0,12103.88,12103.88,254181.42
INV00298,29TXBRY6779P8ZV,INV/012026/00003,2026-01-08,01-2026,238399.95,0.0,0.0,28607.99,28607.99,267007.94
INV00299,29TXBRY6779P8ZV,INV/032026/00004,2026-03-24,03-2026,101530.24,0.0,0.0,18275.44,18275.44,119805.68
INV00300,29TXBRY6779P8ZV,INV/072025/00005,2025-07-22,07-2025,115039.92,0.0,0.0,32211.18,32211.18,147251.1
INV00301,29TXBRY6779P8ZV,INV/082025/00006,2025-08-04,08-2025,206822.57,0.0,0.0,37228.06,37228.06,244050.63
INV00302,29TXBRY6779P8ZV,INV/032026/00007,2026-03-22,03-2026,171604.51,0.0,0.0,8580.23,8580.23,180184.74
INV00303,29TXBRY6779P8ZV,INV/022026/00008,2026-02-22,02-2026,245464.33,0.0,0.0,29455.72,29455.72,274920.05
INV00304,29TXBRY6779P8ZV,INV/072025/00009,2025-07-16,07-2025,198598.73,0.0,0.0,23831.85,23831.85,222430.58
INV00305,29TXBRY6779P8ZV,INV/062025/00010,2025-06-11,06-2025,105112.14,0.0,0.0,29431.4,29431.4,134543.54
INV00306,29TXBRY6779P8ZV,INV/072025/00011,2025-07-04,07-2025,48953.16,0.0,0.0,8811.57,8811.57,57764.73
INV00307,29TXBRY6779P8ZV,INV/032026/00012,2026-03-09,03-2026,125471.86,0.0,0.0,6273.59,6273.59,131745.45
INV00308,29TXBRY6779P8ZV,INV/072025/00013,2025-07-14,07-2025,172118.97,0.0,0.0,48193.31,48193.31,220312.28
INV00309,29TXBRY6779P8ZV,INV/062025/00014,2025-06-23,06-2025,21925.34,0.0,0.0,6139.1,6139.1,28064.44
INV00310,29TXBRY6779P8ZV,INV/102025/00015,2025-10-14,10-2025,55541.36,0.0,0.0,6664.96,6664.96,62206.32
INV00311,29TXBRY6779P8ZV,INV/032026/00016,2026-03-28,03-2026,176532.5,0.0,0.0,21183.9,21183.9,197716.4
INV00312,29TXBRY6779P8ZV,INV/092025/00017,2025-09-17,09-2025,145695.71,0.0,0.0,17483.49,17483.49,163179.2
INV00313,29TXBRY6779P8ZV,INV/032026/00018,2026-03-11,03-2026,50948.09,0.0,0.0,14265.47,14265.47,65213.56
INV00314,29TXBRY6779P8ZV,INV/022026/00019,2026-02-08,02-2026,27435.96,0.0,0.0,3292.32,3292.32,30728.28
INV00315,29TXBRY6779P8ZV,INV/072025/00020,2025-07-29,07-2025,238837.63,0.0,0.0,11941.88,11941.88,250779.51
INV00316,29TXBRY6779P8ZV,INV/052025/00021,2025-05-27,05-2025,173652.92,0.0,0.0,31257.53,31257.53,204910.45
INV00317,29TXBRY6779P8ZV,INV/072025/00022,2025-07-24,07-2025,37122.42,0.0,0.0,1856.12,1856.12,38978.54
INV00318,29TXBRY6779P8ZV,INV/102025/00023,2025-10-17,10-2025,116239.41,0.0,0.0,5811.97,5811.97,122051.38
INV00319,29TXBRY6779P8ZV,INV/082025/00024,2025-08-28,08-2025,141022.16,0.0,0.0,16922.66,16922.66,157944.82
INV00320,29TXBRY6779P8ZV,INV/112025/00025,2025-11-24,11-2025,234388.59,0.0,0.0,42189.95,42189.95,276578.54
INV00321,29TXBRY6779P8ZV,INV/072025/00026,2025-07-23,07-2025,204319.92,0.0,0.0,36777.59,36777.59,241097.51
INV00322,29TXBRY6779P8ZV,INV/022026/00027,2026-02-28,02-2026,159809.0,0.0,0.0,7990.45,7990.45,167799.45
INV00323,29TXBRY6779P8ZV,INV/032026/00028,2026-03-31,03-2026,217623.17,0.0,0.0,10881.16,10881.16,228504.33
INV00324,29TXBRY6779P8ZV,INV/012026/00029,2026-01-22,01-2026,227979.75,0.0,0.0,41036.35,41036.35,269016.1
INV00325,29TXBRY6779P8ZV,INV/022026/00030,2026-02-07,02-2026,196103.48,0.0,0.0,9805.17,9805.17,205908.65
INV00326,29TXBRY6779P8ZV,INV/012026/00031,2026-01-20,01-2026,165680.09,0.0,0.0,8284.0,8284.0,173964.09
INV00327,29TXBRY6779P8ZV,INV/102025/00032,2025-10-31,10-2025,93245.37,0.0,0.0,26108.7,26108.7,119354.07
INV00328,29TXBRY6779P8ZV,INV/052025/00033,2025-05-16,05-2025,153669.6,0.0,0.0,18440.35,18440.35,172109.95
INV00329,29TXBRY6779P8ZV,INV/062025/00034,2025-06-08,06-2025,78049.73,0.0,0.0,3902.49,3902.49,81952.22
INV00330,29TXBRY6779P8ZV,INV/082025/00035,2025-08-04,08-2025,64242.76,0.0,0.0,11563.7,11563.7,75806.46
INV00331,29TXBRY6779P8ZV,INV/072025/00036,2025-07-12,07-2025,119395.59,0.0,0.0,21491.21,21491.21,140886.8
INV00332,29TXBRY6779P8ZV,INV/022026/00037,2026-02-08,02-2026,236692.83,0.0,0.0,66273.99,66273.99,302966.82
INV00333,29TXBRY6779P8ZV,INV/032026/00038,2026-03-05,03-2026,68084.53,0.0,0.0,8170.14,8170.14,76254.67
INV00334,29TXBRY6779P8ZV,INV/042025/00039,2025-04-21,04-2025,223086.46,0.0,0.0,40155.56,40155.56,263242.02
INV00335,29TXBRY6779P8ZV,INV/092025/00040,2025-09-27,09-2025,209173.12,0.0,0.0,10458.66,10458.66,219631.78
INV00336,29TXBRY6779P8ZV,INV/102025/00041,2025-10-05,10-2025,3367.67,0.0,0.0,404.12,404.12,3771.79
INV00337,29TXBRY6779P8ZV,INV/112025/00042,2025-11-28,11-2025,232383.31,0.0,0.0,27886.0,27886.0,260269.31
INV00338,29TXBRY6779P8ZV,INV/032026/00043,2026-03-11,03-2026,140687.26,0.0,0.0,16882.47,16882.47,157569.73
INV00339,29TXBRY6779P8ZV,INV/032026/00044,2026-03-01,03-2026,185702.89,0.0,0.0,51996.81,51996.81,237699.7
INV00340,29TXBRY6779P8ZV,INV/112025/00045,2025-11-08,11-2025,71026.94,0.0,0.0,12784.85,12784.85,83811.79
INV00341,29TXBRY6779P8ZV,INV/042025/00046,2025-04-28,04-2025,4739.37,0.0,0.0,568.72,568.72,5308.09
INV00342,29TXBRY6779P8ZV,INV/042025/00047,2025-04-24,04-2025,191472.73,0.0,0.0,53612.36,53612.36,245085.09
INV00343,29TXBRY6779P8ZV,INV/082025/00048,2025-08-30,08-2025,29612.28,0.0,0.0,1480.61,1480.61,31092.89
INV00344,29TXBRY6779P8ZV,INV/122025/00049,2025-12-20,12-2025,51468.46,0.0,0.0,9264.32,9264.32,60732.78
INV00345,29TXBRY6779P8ZV,INV/052025/00050,2025-05-08,05-2025,153572.72,0.0,0.0,27643.09,27643.09,181215.81
INV00346,29TXBRY6779P8ZV,INV/092025/00051,2025-09-28,09-2025,212423.77,0.0,0.0,25490.85,25490.85,237914.62
INV00347,29TXBRY6779P8ZV,INV/112025/00052,2025-11-20,11-2025,177928.18,0.0,0.0,49819.89,49819.89,227748.07
INV00348,09KGUGV7026CIZR,INV/032026/00001,2026-03-18,03-2026,9836.69,0.0,0.0,1770.6,1770.6,11607.29
INV00349,09KGUGV7026CIZR,INV/032026/00002,2026-03-09,03-2026,210917.26,0.0,0.0,25310.07,25310.07,236227.33
INV00350,09KGUGV7026CIZR,INV/012026/00003,2026-01-27,01-2026,80189.61,0.0,0.0,22453.09,22453.09,102642.7
INV00351,09KGUGV7026CIZR,INV/012026/00004,2026-01-08,01-2026,140107.67,0.0,0.0,39230.15,39230.15,179337.82
INV00352,09KGUGV7026CIZR,INV/092025/00005,2025-09-12,09-2025,99288.2,0.0,0.0,17871.88,17871.88,117160.08
INV00353,09KGUGV7026CIZR,INV/032026/00006,2026-03-26,03-2026,54141.69,0.0,0.0,2707.08,2707.08,56848.77
INV00354,09KGUGV7026CIZR,INV/072025/00007,2025-07-17,07-2025,225162.25,0.0,0.0,11258.11,11258.11,236420.36
INV00355,09KGUGV7026CIZR,INV/042025/00008,2025-04-03,04-2025,182139.33,0.0,0.0,21856.72,21856.72,203996.05
INV00356,09KGUGV7026CIZR,INV/122025/00009,2025-12-30,12-2025,77630.32,0.0,0.0,13973.46,13973.46,91603.78
INV00357,09KGUGV7026CIZR,INV/032026/00010,2026-03-11,03-2026,96587.17,0.0,0.0,4829.36,4829.36,101416.53
INV00358,09KGUGV7026CIZR,INV/082025/00011,2025-08-18,08-2025,169177.21,0.0,0.0,8458.86,8458.86,177636.07
INV00359,09KGUGV7026CIZR,INV/072025/00012,2025-07-06,07-2025,212072.13,0.0,0.0,25448.66,25448.66,237520.79
INV00360,09KGUGV7026CIZR,INV/102025/00013,2025-10-03,10-2025,65195.61,0.0,0.0,11735.21,11735.21,76930.82
INV00361,09KGUGV7026CIZR,INV/062025/00014,2025-06-02,06-2025,43379.9,0.0,0.0,5205.59,5205.59,48585.49
INV00362,09KGUGV7026CIZR,INV/022026/00015,2026-02-13,02-2026,52300.79,0.0,0.0,9414.14,9414.14,61714.93
INV00363,09KGUGV7026CIZR,INV/102025/00016,2025-10-08,10-2025,221254.83,0.0,0.0,11062.74,11062.74,232317.57
INV00364,09KGUGV7026CIZR,INV/102025/00017,2025-10-18,10-2025,220761.73,0.0,0.0,11038.09,11038.09,231799.82
INV00365,09KGUGV7026CIZR,INV/112025/00018,2025-11-28,11-2025,59650.89,0.0,0.0,16702.25,16702.25,76353.14
INV00366,09KGUGV7026CIZR,INV/072025/00019,2025-07-27,07-2025,125901.6,0.0,0.0,6295.08,6295.08,132196.68
INV00367,09KGUGV7026CIZR,INV/012026/00020,2026-01-02,01-2026,98311.17,0.0,0.0,17696.01,17696.01,116007.18
INV00368,09KGUGV7026CIZR,INV/102025/00021,2025-10-13,10-2025,84175.86,0.0,0.0,23569.24,23569.24,107745.1
INV00369,09KGUGV7026CIZR,INV/112025/00022,2025-11-15,11-2025,122356.93,0.0,0.0,34259.94,34259.94,156616.87
INV00370,09KGUGV7026CIZR,INV/042025/00023,2025-04-22,04-2025,132718.77,0.0,0.0,23889.38,23889.38,156608.15
INV00371,09KGUGV7026CIZR,INV/032026/00024,2026-03-10,03-2026,76083.11,0.0,0.0,13694.96,13694.96,89778.07
INV00372,09KGUGV7026CIZR,INV/092025/00025,2025-09-11,09-2025,216474.47,0.0,0.0,60612.85,60612.85,277087.32
INV00373,09KGUGV7026CIZR,INV/092025/00026,2025-09-06,09-2025,143035.97,0.0,0.0,25746.47,25746.47,168782.44
INV00374,09KGUGV7026CIZR,INV/112025/00027,2025-11-18,11-2025,41924.71,0.0,0.0,2096.24,2096.24,44020.95
INV00375,09KGUGV7026CIZR,INV/052025/00028,2025-05-10,05-2025,247065.29,0.0,0.0,69178.28,69178.28,316243.57
INV00376,09KGUGV7026CIZR,INV/092025/00029,2025-09-10,09-2025,177202.2,0.0,0.0,31896.4,31896.4,209098.6
INV00377,09KGUGV7026CIZR,INV/102025/00030,2025-10-03,10-2025,46182.61,0.0,0.0,8312.87,8312.87,54495.48
INV00378,09KGUGV7026CIZR,INV/092025/00031,2025-09-20,09-2025,38410.2,0.0,0.0,4609.22,4609.22,43019.42
INV00379,09KGUGV7026CIZR,INV/022026/00032,2026-02-21,02-2026,131420.6,0.0,0.0,36797.77,36797.77,168218.37
INV00380,09KGUGV7026CIZR,INV/012026/00033,2026-01-28,01-2026,139995.21,0.0,0.0,25199.14,25199.14,165194.35
INV00381,09KGUGV7026CIZR,INV/102025/00034,2025-10-09,10-2025,5696.4,0.0,0.0,683.57,683.57,6379.97
INV00382,09KGUGV7026CIZR,INV/052025/00035,2025-05-24,05-2025,161015.43,0.0,0.0,8050.77,8050.77,169066.2
INV00383,09KGUGV7026CIZR,INV/122025/00036,2025-12-14,12-2025,207986.93,0.0,0.0,58236.34,58236.34,266223.27
INV00384,09KGUGV7026CIZR,INV/022026/00037,2026-02-19,02-2026,146626.57,0.0,0.0,7331.33,7331.33,153957.9
INV00385,09KGUGV7026CIZR,INV/062025/00038,2025-06-03,06-2025,240291.09,0.0,0.0,67281.51,67281.51,307572.6
INV00386,09KGUGV7026CIZR,INV/092025/00039,2025-09-19,09-2025,38196.0,0.0,0.0,1909.8,1909.8,40105.8
INV00387,09KGUGV7026CIZR,INV/102025/00040,2025-10-22,10-2025,220886.42,0.0,0.0,39759.56,39759.56,260645.98
INV00388,09KGUGV7026CIZR,INV/092025/00041,2025-09-19,09-2025,75959.0,0.0,0.0,13672.62,13672.62,89631.62
INV00389,09KGUGV7026CIZR,INV/092025/00042,2025-09-10,09-2025,49612.04,0.0,0.0,8930.17,8930.17,58542.21
INV00390,09KGUGV7026CIZR,INV/032026/00043,2026-03-25,03-2026,38807.41,0.0,0.0,4656.89,4656.89,43464.3
INV00391,09KGUGV7026CIZR,INV/052025/00044,2025-05-17,05-2025,55431.95,0.0,0.0,15520.95,15520.95,70952.9
INV00392,09KGUGV7026CIZR,INV/042025/00045,2025-04-28,04-2025,17571.64,0.0,0.0,878.58,878.58,18450.22
INV00393,09KGUGV7026CIZR,INV/082025/00046,2025-08-13,08-2025,126065.69,0.0,0.0,22691.82,22691.82,148757.51
INV00394,09KGUGV7026CIZR,INV/102025/00047,2025-10-17,10-2025,176794.4,0.0,0.0,21215.33,21215.33,198009.73
INV00395,09KGUGV7026CIZR,INV/022026/00048,2026-02-07,02-2026,103181.09,0.0,0.0,12381.73,12381.73,115562.82
INV00396,09KGUGV7026CIZR,INV/052025/00049,2025-05-28,05-2025,129303.49,0.0,0.0,23274.63,23274.63,152578.12
INV00397,09KGUGV7026CIZR,INV/092025/00050,2025-09-22,09-2025,122876.55,0.0,0.0,14745.19,14745.19,137621.74
INV00398,09KGUGV7026CIZR,INV/112025/00051,2025-11-04,11-2025,55267.11,0.0,0.0,15474.79,15474.79,70741.9
INV00399,09KGUGV7026CIZR,INV/072025/00052,2025-07-07,07-2025,151972.09,0.0,0.0,42552.19,42552.19,194524.28
INV00400,09KGUGV7026CIZR,INV/052025/00053,2025-05-22,05-2025,118743.05,0.0,0.0,14249.17,14249.17,132992.22
INV00401,27HTJOA1331MSZ9,INV/032026/00001,2026-03-09,03-2026,192863.26,0.0,0.0,34715.39,34715.39,227578.65
INV00402,27HTJOA1331MSZ9,INV/092025/00002,2025-09-10,09-2025,175077.53,0.0,0.0,8753.88,8753.88,183831.41
INV00403,27HTJOA1331MSZ9,INV/072025/00003,2025-07-29,07-2025,143581.05,0.0,0.0,40202.69,40202.69,183783.74
INV00404,27HTJOA1331MSZ9,INV/102025/00004,2025-10-08,10-2025,237211.93,0.0,0.0,66419.34,66419.34,303631.27
INV00405,27HTJOA1331MSZ9,INV/032026/00005,2026-03-28,03-2026,78187.76,0.0,0.0,14073.8,14073.8,92261.56
INV00406,27HTJOA1331MSZ9,INV/102025/00006,2025-10-15,10-2025,214601.91,0.0,0.0,10730.1,10730.1,225332.01
INV00407,27HTJOA1331MSZ9,INV/042025/00007,2025-04-14,04-2025,179169.57,0.0,0.0,32250.52,32250.52,211420.09
INV00408,27HTJOA1331MSZ9,INV/042025/00008,2025-04-27,04-2025,188112.61,0.0,0.0,52671.53,52671.53,240784.14
INV00409,27HTJOA1331MSZ9,INV/102025/00009,2025-10-05,10-2025,38604.85,0.0,0.0,6948.87,6948.87,45553.72
INV00410,27HTJOA1331MSZ9,INV/082025/00010,2025-08-01,08-2025,123121.4,0.0,0.0,14774.57,14774.57,137895.97
INV00411,27HTJOA1331MSZ9,INV/122025/00011,2025-12-31,12-2025,166705.63,0.0,0.0,30007.01,30007.01,196712.64
INV00412,27HTJOA1331MSZ9,INV/082025/00012,2025-08-08,08-2025,124112.13,0.0,0.0,6205.61,6205.61,130317.74
INV00413,27HTJOA1331MSZ9,INV/082025/00013,2025-08-22,08-2025,60163.28,0.0,0.0,3008.16,3008.16,63171.44
INV00414,27HTJOA1331MSZ9,INV/052025/00014,2025-05-18,05-2025,204311.61,0.0,0.0,24517.39,24517.39,228829.0
INV00415,27HTJOA1331MSZ9,INV/062025/00015,2025-06-15,06-2025,11831.91,0.0,0.0,1419.83,1419.83,13251.74
INV00416,27HTJOA1331MSZ9,INV/082025/00016,2025-08-24,08-2025,59192.27,0.0,0.0,16573.84,16573.84,75766.11
INV00417,27HTJOA1331MSZ9,INV/092025/00017,2025-09-09,09-2025,116587.39,0.0,0.0,13990.49,13990.49,130577.88
INV00418,27HTJOA1331MSZ9,INV/032026/00018,2026-03-17,03-2026,213434.6,0.0,0.0,38418.23,38418.23,251852.83
INV00419,27HTJOA1331MSZ9,INV/112025/00019,2025-11-08,11-2025,211122.7,0.0,0.0,10556.14,10556.14,221678.84
INV00420,27HTJOA1331MSZ9,INV/032026/00020,2026-03-23,03-2026,164925.74,0.0,0.0,8246.29,8246.29,173172.03
INV00421,27HTJOA1331MSZ9,INV/092025/00021,2025-09-10,09-2025,220871.28,0.0,0.0,39756.83,39756.83,260628.11
INV00422,27HTJOA1331MSZ9,INV/102025/00022,2025-10-27,10-2025,63169.42,0.0,0.0,11370.5,11370.5,74539.92
INV00423,27HTJOA1331MSZ9,INV/032026/00023,2026-03-10,03-2026,65532.12,0.0,0.0,11795.78,11795.78,77327.9
INV00424,27HTJOA1331MSZ9,INV/012026/00024,2026-01-25,01-2026,209153.93,0.0,0.0,25098.47,25098.47,234252.4
INV00425,27HTJOA1331MSZ9,INV/052025/00025,2025-05-13,05-2025,45367.4,0.0,0.0,8166.13,8166.13,53533.53
INV00426,27HTJOA1331MSZ9,INV/022026/00026,2026-02-16,02-2026,133243.74,0.0,0.0,37308.25,37308.25,170551.99
INV00427,27HTJOA1331MSZ9,INV/022026/00027,2026-02-13,02-2026,106745.61,0.0,0.0,19214.21,19214.21,125959.82
INV00428,27HTJOA1331MSZ9,INV/032026/00028,2026-03-26,03-2026,5933.36,0.0,0.0,712.0,712.0,6645.36
INV00429,27HTJOA1331MSZ9,INV/092025/00029,2025-09-04,09-2025,72753.03,0.0,0.0,8730.36,8730.36,81483.39
INV00430,27HTJOA1331MSZ9,INV/102025/00030,2025-10-20,10-2025,129630.2,0.0,0.0,15555.62,15555.62,145185.82
INV00431,27HTJOA1331MSZ9,INV/082025/00031,2025-08-31,08-2025,189943.89,0.0,0.0,53184.29,53184.29,243128.18
INV00432,27HTJOA1331MSZ9,INV/082025/00032,2025-08-20,08-2025,19107.41,0.0,0.0,5350.07,5350.07,24457.48
INV00433,27HTJOA1331MSZ9,INV/082025/00033,2025-08-28,08-2025,187274.08,0.0,0.0,22472.89,22472.89,209746.97
INV00434,27HTJOA1331MSZ9,INV/052025/00034,2025-05-07,05-2025,158083.78,0.0,0.0,44263.46,44263.46,202347.24
INV00435,27HTJOA1331MSZ9,INV/012026/00035,2026-01-11,01-2026,213160.55,0.0,0.0,10658.03,10658.03,223818.58
INV00436,27HTJOA1331MSZ9,INV/032026/00036,2026-03-03,03-2026,238897.31,0.0,0.0,28667.68,28667.68,267564.99
INV00437,27HTJOA1331MSZ9,INV/122025/00037,2025-12-13,12-2025,26137.26,0.0,0.0,7318.43,7318.43,33455.69
INV00438,27HTJOA1331MSZ9,INV/032026/00038,2026-03-21,03-2026,96710.14,0.0,0.0,17407.83,17407.83,114117.97
INV00439,27HTJOA1331MSZ9,INV/052025/00039,2025-05-11,05-2025,211570.27,0.0,0.0,25388.43,25388.43,236958.7
INV00440,27HTJOA1331MSZ9,INV/122025/00040,2025-12-13,12-2025,92795.0,0.0,0.0,11135.4,11135.4,103930.4
INV00441,27HTJOA1331MSZ9,INV/022026/00041,2026-02-27,02-2026,73612.54,0.0,0.0,13250.26,13250.26,86862.8
INV00442,27HTJOA1331MSZ9,INV/042025/00042,2025-04-05,04-2025,107407.37,0.0,0.0,19333.33,19333.33,126740.7
INV00443,27HTJOA1331MSZ9,INV/022026/00043,2026-02-02,02-2026,81024.43,0.0,0.0,22686.84,22686.84,103711.27
INV00444,27HTJOA1331MSZ9,INV/052025/00044,2025-05-15,05-2025,14778.36,0.0,0.0,1773.4,1773.4,16551.76
INV00445,27HTJOA1331MSZ9,INV/072025/00045,2025-07-13,07-2025,73298.61,0.0,0.0,3664.93,3664.93,76963.54
INV00446,27HTJOA1331MSZ9,INV/032026/00046,2026-03-18,03-2026,39607.4,0.0,0.0,11090.07,11090.07,50697.47
INV00447,27HTJOA1331MSZ9,INV/112025/00047,2025-11-25,11-2025,44436.28,0.0,0.0,12442.16,12442.16,56878.44
INV00448,27HTJOA1331MSZ9,INV/012026/00048,2026-01-03,01-2026,207656.76,0.0,0.0,24918.81,24918.81,232575.57
INV00449,27HTJOA1331MSZ9,INV/052025/00049,2025-05-28,05-2025,194238.16,0.0,0.0,54386.68,54386.68,248624.84
INV00450,27HTJOA1331MSZ9,INV/022026/00050,2026-02-12,02-2026,153460.24,0.0,0.0,7673.01,7673.01,161133.25
INV00451,27HTJOA1331MSZ9,INV/042025/00051,2025-04-18,04-2025,178010.97,0.0,0.0,21361.32,21361.32,199372.29
INV00452,27HTJOA1331MSZ9,INV/022026/00052,2026-02-23,02-2026,77814.57,0.0,0.0,3890.73,3890.73,81705.3
INV00453,27HTJOA1331MSZ9,INV/012026/00053,2026-01-20,01-2026,54819.46,0.0,0.0,9867.5,9867.5,64686.96
INV00454,27HTJOA1331MSZ9,INV/012026/00054,2026-01-25,01-2026,192170.22,0.0,0.0,34590.64,34590.64,226760.86
INV00455,27HTJOA1331MSZ9,INV/102025/00055,2025-10-03,10-2025,32428.49,0.0,0.0,1621.42,1621.42,34049.91
INV00456,27HTJOA1331MSZ9,INV/092025/00056,2025-09-01,09-2025,208258.2,0.0,0.0,37486.48,37486.48,245744.68
INV00457,27HTJOA1331MSZ9,INV/022026/00057,2026-02-04,02-2026,18013.67,0.0,0.0,5043.83,5043.83,23057.5
INV00458,09TMRNZ1718UNZ3,INV/032026/00001,2026-03-02,03-2026,220311.1,0.0,0.0,39656.0,39656.0,259967.1
INV00459,09TMRNZ1718UNZ3,INV/012026/00002,2026-01-17,01-2026,16302.01,0.0,0.0,1956.24,1956.24,18258.25
INV00460,09TMRNZ1718UNZ3,INV/022026/00003,2026-02-21,02-2026,235443.84,0.0,0.0,65924.28,65924.28,301368.12
INV00461,09TMRNZ1718UNZ3,INV/062025/00004,2025-06-08,06-2025,210757.26,0.0,0.0,37936.31,37936.31,248693.57
INV00462,09TMRNZ1718UNZ3,INV/032026/00005,2026-03-29,03-2026,41632.21,0.0,0.0,7493.8,7493.8,49126.01
INV00463,09TMRNZ1718UNZ3,INV/092025/00006,2025-09-26,09-2025,192095.65,0.0,0.0,34577.22,34577.22,226672.87
INV00464,09TMRNZ1718UNZ3,INV/122025/00007,2025-12-05,12-2025,190153.42,0.0,0.0,9507.67,9507.67,199661.09
INV00465,09TMRNZ1718UNZ3,INV/102025/00008,2025-10-12,10-2025,173460.42,0.0,0.0,8673.02,8673.02,182133.44
INV00466,09TMRNZ1718UNZ3,INV/072025/00009,2025-07-05,07-2025,88460.25,0.0,0.0,4423.01,4423.01,92883.26
INV00467,09TMRNZ1718UNZ3,INV/102025/00010,2025-10-24,10-2025,144844.02,0.0,0.0,26071.92,26071.92,170915.94
INV00468,09TMRNZ1718UNZ3,INV/042025/00011,2025-04-03,04-2025,245404.43,0.0,0.0,44172.8,44172.8,289577.23
INV00469,09TMRNZ1718UNZ3,INV/102025/00012,2025-10-27,10-2025,50550.24,0.0,0.0,2527.51,2527.51,53077.75
INV00470,09TMRNZ1718UNZ3,INV/022026/00013,2026-02-02,02-2026,122913.99,0.0,0.0,6145.7,6145.7,129059.69
INV00471,09TMRNZ1718UNZ3,INV/122025/00014,2025-12-14,12-2025,196908.46,0.0,0.0,35443.52,35443.52,232351.98
INV00472,09TMRNZ1718UNZ3,INV/062025/00015,2025-06-04,06-2025,100084.35,0.0,0.0,12010.12,12010.12,112094.47
INV00473,09TMRNZ1718UNZ3,INV/092025/00016,2025-09-26,09-2025,222871.25,0.0,0.0,62403.95,62403.95,285275.2
INV00474,09TMRNZ1718UNZ3,INV/112025/00017,2025-11-29,11-2025,200188.92,0.0,0.0,24022.67,24022.67,224211.59
INV00475,09TMRNZ1718UNZ3,INV/022026/00018,2026-02-20,02-2026,221781.35,0.0,0.0,62098.78,62098.78,283880.13
INV00476,09TMRNZ1718UNZ3,INV/052025/00019,2025-05-04,05-2025,39892.09,0.0,0.0,11169.79,11169.79,51061.88
INV00477,09TMRNZ1718UNZ3,INV/072025/00020,2025-07-19,07-2025,243600.92,0.0,0.0,68208.26,68208.26,311809.18
INV00478,09TMRNZ1718UNZ3,INV/022026/00021,2026-02-21,02-2026,17579.08,0.0,0.0,3164.23,3164.23,20743.31
INV00479,09TMRNZ1718UNZ3,INV/122025/00022,2025-12-18,12-2025,72582.13,0.0,0.0,8709.86,8709.86,81291.99
INV00480,09TMRNZ1718UNZ3,INV/022026/00023,2026-02-08,02-2026,116217.48,0.0,0.0,32540.89,32540.89,148758.37
INV00481,09TMRNZ1718UNZ3,INV/012026/00024,2026-01-06,01-2026,75114.56,0.0,0.0,3755.73,3755.73,78870.29
INV00482,09TMRNZ1718UNZ3,INV/062025/00025,2025-06-05,06-2025,181853.65,0.0,0.0,50919.02,50919.02,232772.67
INV00483,09TMRNZ1718UNZ3,INV/062025/00026,2025-06-22,06-2025,244583.11,0.0,0.0,12229.16,12229.16,256812.27
INV00484,09TMRNZ1718UNZ3,INV/072025/00027,2025-07-24,07-2025,116453.0,0.0,0.0,20961.54,20961.54,137414.54
INV00485,09TMRNZ1718UNZ3,INV/072025/00028,2025-07-17,07-2025,69843.65,0.0,0.0,3492.18,3492.18,73335.83
INV00486,09TMRNZ1718UNZ3,INV/092025/00029,2025-09-24,09-2025,87536.78,0.0,0.0,4376.84,4376.84,91913.62
INV00487,09TMRNZ1718UNZ3,INV/112025/00030,2025-11-24,11-2025,49834.07,0.0,0.0,5980.09,5980.09,55814.16
INV00488,09TMRNZ1718UNZ3,INV/112025/00031,2025-11-11,11-2025,115961.87,0.0,0.0,32469.32,32469.32,148431.19
INV00489,09TMRNZ1718UNZ3,INV/112025/00032,2025-11-19,11-2025,142794.38,0.0,0.0,7139.72,7139.72,149934.1
INV00490,09TMRNZ1718UNZ3,INV/072025/00033,2025-07-09,07-2025,235460.5,0.0,0.0,11773.03,11773.03,247233.53
INV00491,09TMRNZ1718UNZ3,INV/032026/00034,2026-03-22,03-2026,156545.99,0.0,0.0,18785.52,18785.52,175331.51
INV00492,09TMRNZ1718UNZ3,INV/052025/00035,2025-05-13,05-2025,47681.62,0.0,0.0,5721.79,5721.79,53403.41
INV00493,09TMRNZ1718UNZ3,INV/012026/00036,2026-01-18,01-2026,55241.49,0.0,0.0,9943.47,9943.47,65184.96
INV00494,09TMRNZ1718UNZ3,INV/092025/00037,2025-09-21,09-2025,32737.85,0.0,0.0,9166.6,9166.6,41904.45
INV00495,09TMRNZ1718UNZ3,INV/052025/00038,2025-05-25,05-2025,127516.19,0.0,0.0,15301.94,15301.94,142818.13
INV00496,09TMRNZ1718UNZ3,INV/012026/00039,2026-01-23,01-2026,226037.18,0.0,0.0,27124.46,27124.46,253161.64
INV00497,09TMRNZ1718UNZ3,INV/092025/00040,2025-09-04,09-2025,98484.4,0.0,0.0,11818.13,11818.13,110302.53
INV00498,09TMRNZ1718UNZ3,INV/072025/00041,2025-07-17,07-2025,173966.07,0.0,0.0,48710.5,48710.5,222676.57
INV00499,09TMRNZ1718UNZ3,INV/112025/00042,2025-11-28,11-2025,81577.71,0.0,0.0,9789.33,9789.33,91367.04
INV00500,09TMRNZ1718UNZ3,INV/042025/00043,2025-04-06,04-2025,7776.04,0.0,0.0,2177.29,2177.29,9953.33
INV00501,09TMRNZ1718UNZ3,INV/032026/00044,2026-03-20,03-2026,35232.38,0.0,0.0,1761.62,1761.62,36994.0
INV00502,09TMRNZ1718UNZ3,INV/102025/00045,2025-10-10,10-2025,135392.15,0.0,0.0,16247.06,16247.06,151639.21
INV00503,09TMRNZ1718UNZ3,INV/012026/00046,2026-01-20,01-2026,90603.38,0.0,0.0,25368.95,25368.95,115972.33
INV00504,09TMRNZ1718UNZ3,INV/102025/00047,2025-10-03,10-2025,201379.01,0.0,0.0,56386.12,56386.12,257765.13
INV00505,09TMRNZ1718UNZ3,INV/062025/00048,2025-06-25,06-2025,91786.71,0.0,0.0,16521.61,16521.61,108308.32
INV00506,09TMRNZ1718UNZ3,INV/082025/00049,2025-08-23,08-2025,146665.69,0.0,0.0,17599.88,17599.88,164265.57
INV00507,09TMRNZ1718UNZ3,INV/102025/00050,2025-10-11,10-2025,146648.6,0.0,0.0,41061.61,41061.61,187710.21
INV00508,09IBBDI3174KJZ0,INV/022026/00001,2026-02-05,02-2026,43993.44,0.0,0.0,12318.16,12318.16,56311.6
INV00509,09IBBDI3174KJZ0,INV/072025/00002,2025-07-09,07-2025,185615.74,0.0,0.0,22273.89,22273.89,207889.63
INV00510,09IBBDI3174KJZ0,INV/092025/00003,2025-09-29,09-2025,146983.65,0.0,0.0,17638.04,17638.04,164621.69
INV00511,09IBBDI3174KJZ0,INV/052025/00004,2025-05-23,05-2025,166053.86,0.0,0.0,29889.69,29889.69,195943.55
INV00512,09IBBDI3174KJZ0,INV/102025/00005,2025-10-22,10-2025,219554.94,0.0,0.0,39519.89,39519.89,259074.83
INV00513,09IBBDI3174KJZ0,INV/032026/00006,2026-03-12,03-2026,128268.69,0.0,0.0,35915.23,35915.23,164183.92
INV00514,09IBBDI3174KJZ0,INV/112025/00007,2025-11-29,11-2025,96531.62,0.0,0.0,4826.58,4826.58,101358.2
INV00515,09IBBDI3174KJZ0,INV/092025/00008,2025-09-01,09-2025,241664.82,0.0,0.0,67666.15,67666.15,309330.97
INV00516,09IBBDI3174KJZ0,INV/122025/00009,2025-12-06,12-2025,182146.34,0.0,0.0,32786.34,32786.34,214932.68
INV00517,09IBBDI3174KJZ0,INV/082025/00010,2025-08-04,08-2025,8805.57,0.0,0.0,1585.0,1585.0,10390.57
INV00518,09IBBDI3174KJZ0,INV/022026/00011,2026-02-09,02-2026,45755.55,0.0,0.0,12811.55,12811.55,58567.1
INV00519,09IBBDI3174KJZ0,INV/102025/00012,2025-10-30,10-2025,157144.22,0.0,0.0,28285.96,28285.96,185430.18
INV00520,09IBBDI3174KJZ0,INV/012026/00013,2026-01-29,01-2026,87705.11,0.0,0.0,24557.43,24557.43,112262.54
INV00521,09IBBDI3174KJZ0,INV/022026/00014,2026-02-24,02-2026,114078.42,0.0,0.0,5703.92,5703.92,119782.34
INV00522,09IBBDI3174KJZ0,INV/012026/00015,2026-01-31,01-2026,129050.52,0.0,0.0,15486.06,15486.06,144536.58
INV00523,09IBBDI3174KJZ0,INV/072025/00016,2025-07-05,07-2025,77982.85,0.0,0.0,9357.94,9357.94,87340.79
INV00524,09IBBDI3174KJZ0,INV/122025/00017,2025-12-17,12-2025,104549.92,0.0,0.0,5227.5,5227.5,109777.42
INV00525,09IBBDI3174KJZ0,INV/052025/00018,2025-05-18,05-2025,196555.41,0.0,0.0,23586.65,23586.65,220142.06
INV00526,09IBBDI3174KJZ0,INV/062025/00019,2025-06-25,06-2025,244376.65,0.0,0.0,68425.46,68425.46,312802.11
INV00527,09IBBDI3174KJZ0,INV/012026/00020,2026-01-12,01-2026,99525.38,0.0,0.0,27867.11,27867.11,127392.49
INV00528,09IBBDI3174KJZ0,INV/022026/00021,2026-02-24,02-2026,166985.06,0.0,0.0,20038.21,20038.21,187023.27
INV00529,09IBBDI3174KJZ0,INV/092025/00022,2025-09-11,09-2025,93839.01,0.0,0.0,4691.95,4691.95,98530.96
INV00530,09IBBDI3174KJZ0,INV/012026/00023,2026-01-26,01-2026,106524.81,0.0,0.0,19174.47,19174.47,125699.28
INV00531,09IBBDI3174KJZ0,INV/082025/00024,2025-08-23,08-2025,160539.86,0.0,0.0,44951.16,44951.16,205491.02
INV00532,09IBBDI3174KJZ0,INV/032026/00025,2026-03-03,03-2026,7006.17,0.0,0.0,1961.73,1961.73,8967.9
INV00533,09IBBDI3174KJZ0,INV/072025/00026,2025-07-18,07-2025,175980.31,0.0,0.0,21117.64,21117.64,197097.95
INV00534,09IBBDI3174KJZ0,INV/092025/00027,2025-09-26,09-2025,241790.46,0.0,0.0,29014.86,29014.86,270805.32
INV00535,09IBBDI3174KJZ0,INV/072025/00028,2025-07-29,07-2025,42586.31,0.0,0.0,11924.17,11924.17,54510.48
INV00536,09IBBDI3174KJZ0,INV/082025/00029,2025-08-26,08-2025,160770.8,0.0,0.0,28938.74,28938.74,189709.54
INV00537,09IBBDI3174KJZ0,INV/102025/00030,2025-10-31,10-2025,226640.32,0.0,0.0,11332.02,11332.02,237972.34
INV00538,09IBBDI3174KJZ0,INV/012026/00031,2026-01-09,01-2026,228809.5,0.0,0.0,64066.66,64066.66,292876.16
INV00539,09IBBDI3174KJZ0,INV/122025/00032,2025-12-09,12-2025,66835.85,0.0,0.0,18714.04,18714.04,85549.89
INV00540,09IBBDI3174KJZ0,INV/032026/00033,2026-03-24,03-2026,25095.01,0.0,0.0,3011.4,3011.4,28106.41
INV00541,09IBBDI3174KJZ0,INV/062025/00034,2025-06-29,06-2025,134893.27,0.0,0.0,6744.66,6744.66,141637.93
INV00542,09IBBDI3174KJZ0,INV/052025/00035,2025-05-28,05-2025,72529.01,0.0,0.0,13055.22,13055.22,85584.23
INV00543,09IBBDI3174KJZ0,INV/092025/00036,2025-09-29,09-2025,123872.21,0.0,0.0,14864.67,14864.67,138736.88
INV00544,09IBBDI3174KJZ0,INV/062025/00037,2025-06-23,06-2025,127004.27,0.0,0.0,22860.77,22860.77,149865.04
INV00545,09IBBDI3174KJZ0,INV/042025/00038,2025-04-12,04-2025,209224.47,0.0,0.0,58582.85,58582.85,267807.32
INV00546,09IBBDI3174KJZ0,INV/122025/00039,2025-12-24,12-2025,106950.59,0.0,0.0,29946.17,29946.17,136896.76
INV00547,09IBBDI3174KJZ0,INV/042025/00040,2025-04-13,04-2025,246333.0,0.0,0.0,29559.96,29559.96,275892.96
INV00548,09IBBDI3174KJZ0,INV/092025/00041,2025-09-08,09-2025,185672.16,0.0,0.0,51988.2,51988.2,237660.36
INV00549,09IBBDI3174KJZ0,INV/112025/00042,2025-11-09,11-2025,58542.98,0.0,0.0,7025.16,7025.16,65568.14
INV00550,33IYRXW3671YQZB,INV/072025/00001,2025-07-31,07-2025,58821.37,0.0,0.0,2941.07,2941.07,61762.44
INV00551,33IYRXW3671YQZB,INV/012026/00002,2026-01-22,01-2026,39929.52,0.0,0.0,4791.54,4791.54,44721.06
INV00552,33IYRXW3671YQZB,INV/122025/00003,2025-12-13,12-2025,186153.97,0.0,0.0,22338.48,22338.48,208492.45
INV00553,33IYRXW3671YQZB,INV/052025/00004,2025-05-18,05-2025,170796.86,0.0,0.0,47823.12,47823.12,218619.98
INV00554,33IYRXW3671YQZB,INV/052025/00005,2025-05-16,05-2025,204457.94,0.0,0.0,24534.95,24534.95,228992.89
INV00555,33IYRXW3671YQZB,INV/082025/00006,2025-08-09,08-2025,57287.2,0.0,0.0,10311.7,10311.7,67598.9
INV00556,33IYRXW3671YQZB,INV/042025/00007,2025-04-29,04-2025,30809.19,0.0,0.0,8626.57,8626.57,39435.76
INV00557,33IYRXW3671YQZB,INV/012026/00008,2026-01-15,01-2026,209495.15,0.0,0.0,10474.76,10474.76,219969.91
INV00558,33IYRXW3671YQZB,INV/092025/00009,2025-09-10,09-2025,187588.96,0.0,0.0,9379.45,9379.45,196968.41
INV00559,33IYRXW3671YQZB,INV/012026/00010,2026-01-08,01-2026,150474.58,0.0,0.0,7523.73,7523.73,157998.31
INV00560,33IYRXW3671YQZB,INV/022026/00011,2026-02-02,02-2026,139503.92,0.0,0.0,6975.2,6975.2,146479.12
INV00561,33IYRXW3671YQZB,INV/112025/00012,2025-11-01,11-2025,12923.27,0.0,0.0,2326.19,2326.19,15249.46
INV00562,33IYRXW3671YQZB,INV/102025/00013,2025-10-10,10-2025,245083.11,0.0,0.0,12254.16,12254.16,257337.27
INV00563,33IYRXW3671YQZB,INV/082025/00014,2025-08-30,08-2025,244732.19,0.0,0.0,12236.61,12236.61,256968.8
INV00564,33IYRXW3671YQZB,INV/012026/00015,2026-01-08,01-2026,196283.76,0.0,0.0,9814.19,9814.19,206097.95
INV00565,33IYRXW3671YQZB,INV/112025/00016,2025-11-16,11-2025,76562.73,0.0,0.0,21437.56,21437.56,98000.29
INV00566,33IYRXW3671YQZB,INV/042025/00017,2025-04-13,04-2025,2947.86,0.0,0.0,825.4,825.4,3773.26
INV00567,33IYRXW3671YQZB,INV/062025/00018,2025-06-12,06-2025,147793.29,0.0,0.0,26602.79,26602.79,174396.08
INV00568,33IYRXW3671YQZB,INV/052025/00019,2025-05-14,05-2025,37310.51,0.0,0.0,10446.94,10446.94,47757.45
INV00569,33IYRXW3671YQZB,INV/082025/00020,2025-08-25,08-2025,240962.7,0.0,0.0,67469.56,67469.56,308432.26
INV00570,33IYRXW3671YQZB,INV/072025/00021,2025-07-22,07-2025,54277.31,0.0,0.0,15197.65,15197.65,69474.96
INV00571,33IYRXW3671YQZB,INV/082025/00022,2025-08-24,08-2025,206445.4,0.0,0.0,37160.17,37160.17,243605.57
INV00572,33IYRXW3671YQZB,INV/112025/00023,2025-11-03,11-2025,68608.51,0.0,0.0,12349.53,12349.53,80958.04
INV00573,33IYRXW3671YQZB,INV/072025/00024,2025-07-24,07-2025,107982.6,0.0,0.0,12957.91,12957.91,120940.51
INV00574,33IYRXW3671YQZB,INV/072025/00025,2025-07-09,07-2025,10656.54,0.0,0.0,1278.78,1278.78,11935.32
INV00575,33IYRXW3671YQZB,INV/042025/00026,2025-04-05,04-2025,218356.66,0.0,0.0,61139.86,61139.86,279496.52
INV00576,33IYRXW3671YQZB,INV/102025/00027,2025-10-24,10-2025,177202.37,0.0,0.0,31896.43,31896.43,209098.8
INV00577,33IYRXW3671YQZB,INV/122025/00028,2025-12-28,12-2025,87969.31,0.0,0.0,10556.32,10556.32,98525.63
INV00578,33IYRXW3671YQZB,INV/122025/00029,2025-12-10,12-2025,164319.33,0.0,0.0,29577.48,29577.48,193896.81
INV00579,33IYRXW3671YQZB,INV/082025/00030,2025-08-16,08-2025,117195.26,0.0,0.0,5859.76,5859.76,123055.02
INV00580,33IYRXW3671YQZB,INV/072025/00031,2025-07-12,07-2025,244490.62,0.0,0.0,68457.37,68457.37,312947.99
INV00581,33IYRXW3671YQZB,INV/122025/00032,2025-12-07,12-2025,130714.74,0.0,0.0,23528.65,23528.65,154243.39
INV00582,33IYRXW3671YQZB,INV/062025/00033,2025-06-10,06-2025,231006.97,0.0,0.0,64681.95,64681.95,295688.92
INV00583,33IYRXW3671YQZB,INV/102025/00034,2025-10-03,10-2025,126987.15,0.0,0.0,15238.46,15238.46,142225.61
INV00584,33IYRXW3671YQZB,INV/092025/00035,2025-09-03,09-2025,180584.43,0.0,0.0,21670.13,21670.13,202254.56
INV00585,33IYRXW3671YQZB,INV/052025/00036,2025-05-08,05-2025,193906.64,0.0,0.0,54293.86,54293.86,248200.5
INV00586,33IYRXW3671YQZB,INV/062025/00037,2025-06-06,06-2025,18149.14,0.0,0.0,907.46,907.46,19056.6
INV00587,33IYRXW3671YQZB,INV/012026/00038,2026-01-24,01-2026,21673.44,0.0,0.0,6068.56,6068.56,27742.0
INV00588,33IYRXW3671YQZB,INV/062025/00039,2025-06-14,06-2025,185207.32,0.0,0.0,51858.05,51858.05,237065.37
INV00589,33IYRXW3671YQZB,INV/032026/00040,2026-03-13,03-2026,5063.62,0.0,0.0,911.45,911.45,5975.07
INV00590,33IYRXW3671YQZB,INV/042025/00041,2025-04-19,04-2025,217914.39,0.0,0.0,10895.72,10895.72,228810.11
INV00591,33IYRXW3671YQZB,INV/022026/00042,2026-02-09,02-2026,87624.97,0.0,0.0,4381.25,4381.25,92006.22
INV00592,33IYRXW3671YQZB,INV/012026/00043,2026-01-09,01-2026,124622.69,0.0,0.0,6231.13,6231.13,130853.82
INV00593,33IYRXW3671YQZB,INV/072025/00044,2025-07-03,07-2025,25388.54,0.0,0.0,3046.62,3046.62,28435.16
INV00594,33IYRXW3671YQZB,INV/022026/00045,2026-02-12,02-2026,63350.14,0.0,0.0,17738.04,17738.04,81088.18
INV00595,33IYRXW3671YQZB,INV/012026/00046,2026-01-30,01-2026,189860.31,0.0,0.0,53160.89,53160.89,243021.2
INV00596,33IYRXW3671YQZB,INV/122025/00047,2025-12-11,12-2025,156407.36,0.0,0.0,28153.32,28153.32,184560.68
INV00597,33IYRXW3671YQZB,INV/102025/00048,2025-10-02,10-2025,164553.12,0.0,0.0,29619.56,29619.56,194172.68
INV00598,33IYRXW3671YQZB,INV/042025/00049,2025-04-23,04-2025,106107.86,0.0,0.0,29710.2,29710.2,135818.06
INV00599,33IYRXW3671YQZB,INV/052025/00050,2025-05-01,05-2025,212416.55,0.0,0.0,10620.83,10620.83,223037.38
INV00600,33IYRXW3671YQZB,INV/112025/00051,2025-11-08,11-2025,116509.57,0.0,0.0,13981.15,13981.15,130490.72
INV00601,33IYRXW3671YQZB,INV/032026/00052,2026-03-17,03-2026,210309.22,0.0,0.0,58886.58,58886.58,269195.8
INV00602,33IYRXW3671YQZB,INV/072025/00053,2025-07-17,07-2025,91256.36,0.0,0.0,25551.78,25551.78,116808.14
INV00603,33IYRXW3671YQZB,INV/102025/00054,2025-10-17,10-2025,106917.02,0.0,0.0,5345.85,5345.85,112262.87
INV00604,27SEMYC5414QOZO,INV/042025/00001,2025-04-14,04-2025,24084.94,0.0,0.0,1204.25,1204.25,25289.19
INV00605,27SEMYC5414QOZO,INV/072025/00002,2025-07-26,07-2025,79587.88,0.0,0.0,14325.82,14325.82,93913.7
INV00606,27SEMYC5414QOZO,INV/022026/00003,2026-02-11,02-2026,7804.9,0.0,0.0,2185.37,2185.37,9990.27
INV00607,27SEMYC5414QOZO,INV/042025/00004,2025-04-24,04-2025,78889.57,0.0,0.0,3944.48,3944.48,82834.05
INV00608,27SEMYC5414QOZO,INV/032026/00005,2026-03-31,03-2026,187443.38,0.0,0.0,33739.81,33739.81,221183.19
INV00609,27SEMYC5414QOZO,INV/062025/00006,2025-06-26,06-2025,21945.86,0.0,0.0,6144.84,6144.84,28090.7
INV00610,27SEMYC5414QOZO,INV/122025/00007,2025-12-09,12-2025,30501.08,0.0,0.0,3660.13,3660.13,34161.21
INV00611,27SEMYC5414QOZO,INV/082025/00008,2025-08-18,08-2025,176788.65,0.0,0.0,21214.64,21214.64,198003.29
INV00612,27SEMYC5414QOZO,INV/022026/00009,2026-02-05,02-2026,187026.21,0.0,0.0,33664.72,33664.72,220690.93
INV00613,27SEMYC5414QOZO,INV/012026/00010,2026-01-04,01-2026,75499.07,0.0,0.0,3774.95,3774.95,79274.02
INV00614,27SEMYC5414QOZO,INV/022026/00011,2026-02-09,02-2026,205765.01,0.0,0.0,37037.7,37037.7,242802.71
INV00615,27SEMYC5414QOZO,INV/032026/00012,2026-03-03,03-2026,32039.91,0.0,0.0,3844.79,3844.79,35884.7
INV00616,27SEMYC5414QOZO,INV/022026/00013,2026-02-04,02-2026,171067.11,0.0,0.0,8553.36,8553.36,179620.47
INV00617,27SEMYC5414QOZO,INV/072025/00014,2025-07-19,07-2025,249659.0,0.0,0.0,44938.62,44938.62,294597.62
INV00618,27SEMYC5414QOZO,INV/082025/00015,2025-08-17,08-2025,5738.76,0.0,0.0,1606.85,1606.85,7345.61
INV00619,27SEMYC5414QOZO,INV/082025/00016,2025-08-02,08-2025,99872.91,0.0,0.0,11984.75,11984.75,111857.66
INV00620,27SEMYC5414QOZO,INV/062025/00017,2025-06-30,06-2025,170140.32,0.0,0.0,30625.26,30625.26,200765.58
INV00621,27SEMYC5414QOZO,INV/052025/00018,2025-05-25,05-2025,24911.18,0.0,0.0,6975.13,6975.13,31886.31
INV00622,27SEMYC5414QOZO,INV/022026/00019,2026-02-17,02-2026,175019.06,0.0,0.0,49005.34,49005.34,224024.4
INV00623,27SEMYC5414QOZO,INV/062025/00020,2025-06-13,06-2025,193735.43,0.0,0.0,34872.38,34872.38,228607.81
INV00624,27SEMYC5414QOZO,INV/062025/00021,2025-06-13,06-2025,104023.31,0.0,0.0,29126.53,29126.53,133149.84
INV00625,27SEMYC5414QOZO,INV/112025/00022,2025-11-08,11-2025,34946.92,0.0,0.0,4193.63,4193.63,39140.55
INV00626,27SEMYC5414QOZO,INV/122025/00023,2025-12-20,12-2025,17084.84,0.0,0.0,854.24,854.24,17939.08
INV00627,27SEMYC5414QOZO,INV/032026/00024,2026-03-12,03-2026,4254.53,0.0,0.0,510.54,510.54,4765.07
INV00628,27SEMYC5414QOZO,INV/072025/00025,2025-07-24,07-2025,20482.51,0.0,0.0,2457.9,2457.9,22940.41
INV00629,27SEMYC5414QOZO,INV/092025/00026,2025-09-01,09-2025,200038.85,0.0,0.0,56010.88,56010.88,256049.73
INV00630,27SEMYC5414QOZO,INV/102025/00027,2025-10-07,10-2025,20145.42,0.0,0.0,2417.45,2417.45,22562.87
INV00631,27SEMYC5414QOZO,INV/042025/00028,2025-04-09,04-2025,147581.07,0.0,0.0,41322.7,41322.7,188903.77
INV00632,27SEMYC5414QOZO,INV/052025/00029,2025-05-04,05-2025,133742.36,0.0,0.0,16049.08,16049.08,149791.44
INV00633,27SEMYC5414QOZO,INV/112025/00030,2025-11-03,11-2025,217969.43,0.0,0.0,26156.33,26156.33,244125.76
INV00634,27SEMYC5414QOZO,INV/032026/00031,2026-03-19,03-2026,179223.78,0.0,0.0,32260.28,32260.28,211484.06
INV00635,27SEMYC5414QOZO,INV/062025/00032,2025-06-16,06-2025,161259.0,0.0,0.0,45152.52,45152.52,206411.52
INV00636,27SEMYC5414QOZO,INV/052025/00033,2025-05-06,05-2025,66679.7,0.0,0.0,8001.56,8001.56,74681.26
INV00637,27SEMYC5414QOZO,INV/072025/00034,2025-07-28,07-2025,52213.58,0.0,0.0,2610.68,2610.68,54824.26
INV00638,27SEMYC5414QOZO,INV/112025/00035,2025-11-05,11-2025,235647.41,0.0,0.0,42416.53,42416.53,278063.94
INV00639,27SEMYC5414QOZO,INV/072025/00036,2025-07-22,07-2025,110182.86,0.0,0.0,19832.91,19832.91,130015.77
INV00640,27SEMYC5414QOZO,INV/042025/00037,2025-04-25,04-2025,10892.69,0.0,0.0,3049.95,3049.95,13942.64
INV00641,27SEMYC5414QOZO,INV/102025/00038,2025-10-18,10-2025,209709.15,0.0,0.0,58718.56,58718.56,268427.71
INV00642,27SEMYC5414QOZO,INV/062025/00039,2025-06-17,06-2025,149631.59,0.0,0.0,17955.79,17955.79,167587.38
INV00643,27SEMYC5414QOZO,INV/092025/00040,2025-09-05,09-2025,231118.17,0.0,0.0,27734.18,27734.18,258852.35
INV00644,27SEMYC5414QOZO,INV/082025/00041,2025-08-30,08-2025,118444.92,0.0,0.0,5922.25,5922.25,124367.17
INV00645,06IJXBV2425KOZ2,INV/122025/00001,2025-12-25,12-2025,61035.62,0.0,0.0,17089.97,17089.97,78125.59
INV00646,06IJXBV2425KOZ2,INV/082025/00002,2025-08-21,08-2025,187702.15,0.0,0.0,52556.6,52556.6,240258.75
INV00647,06IJXBV2425KOZ2,INV/022026/00003,2026-02-27,02-2026,41918.37,0.0,0.0,2095.92,2095.92,44014.29
INV00648,06IJXBV2425KOZ2,INV/092025/00004,2025-09-20,09-2025,95505.64,0.0,0.0,17191.02,17191.02,112696.66
INV00649,06IJXBV2425KOZ2,INV/112025/00005,2025-11-24,11-2025,100877.35,0.0,0.0,5043.87,5043.87,105921.22
INV00650,06IJXBV2425KOZ2,INV/072025/00006,2025-07-15,07-2025,66278.52,0.0,0.0,18557.99,18557.99,84836.51
INV00651,06IJXBV2425KOZ2,INV/072025/00007,2025-07-21,07-2025,70880.28,0.0,0.0,19846.48,19846.48,90726.76
INV00652,06IJXBV2425KOZ2,INV/112025/00008,2025-11-21,11-2025,198461.06,0.0,0.0,9923.05,9923.05,208384.11
INV00653,06IJXBV2425KOZ2,INV/012026/00009,2026-01-19,01-2026,81578.18,0.0,0.0,9789.38,9789.38,91367.56
INV00654,06IJXBV2425KOZ2,INV/092025/00010,2025-09-07,09-2025,161546.56,0.0,0.0,8077.33,8077.33,169623.89
INV00655,06IJXBV2425KOZ2,INV/102025/00011,2025-10-31,10-2025,104612.8,0.0,0.0,12553.54,12553.54,117166.34
INV00656,06IJXBV2425KOZ2,INV/122025/00012,2025-12-08,12-2025,4491.38,0.0,0.0,1257.59,1257.59,5748.97
INV00657,06IJXBV2425KOZ2,INV/122025/00013,2025-12-13,12-2025,187537.69,0.0,0.0,22504.52,22504.52,210042.21
INV00658,06IJXBV2425KOZ2,INV/092025/00014,2025-09-12,09-2025,135862.95,0.0,0.0,24455.33,24455.33,160318.28
INV00659,06IJXBV2425KOZ2,INV/022026/00015,2026-02-13,02-2026,236380.43,0.0,0.0,42548.48,42548.48,278928.91
INV00660,06IJXBV2425KOZ2,INV/042025/00016,2025-04-17,04-2025,42884.92,0.0,0.0,12007.78,12007.78,54892.7
INV00661,06IJXBV2425KOZ2,INV/122025/00017,2025-12-30,12-2025,116970.59,0.0,0.0,14036.47,14036.47,131007.06
INV00662,06IJXBV2425KOZ2,INV/112025/00018,2025-11-14,11-2025,173692.29,0.0,0.0,31264.61,31264.61,204956.9
INV00663,06IJXBV2425KOZ2,INV/122025/00019,2025-12-06,12-2025,99238.2,0.0,0.0,4961.91,4961.91,104200.11
INV00664,06IJXBV2425KOZ2,INV/062025/00020,2025-06-19,06-2025,186145.97,0.0,0.0,9307.3,9307.3,195453.27
INV00665,06IJXBV2425KOZ2,INV/062025/00021,2025-06-04,06-2025,174088.25,0.0,0.0,48744.71,48744.71,222832.96
INV00666,06IJXBV2425KOZ2,INV/012026/00022,2026-01-13,01-2026,246401.8,0.0,0.0,12320.09,12320.09,258721.89
INV00667,06IJXBV2425KOZ2,INV/012026/00023,2026-01-24,01-2026,44183.81,0.0,0.0,12371.47,12371.47,56555.28
INV00668,06IJXBV2425KOZ2,INV/052025/00024,2025-05-13,05-2025,199286.25,0.0,0.0,35871.53,35871.53,235157.78
INV00669,06IJXBV2425KOZ2,INV/122025/00025,2025-12-19,12-2025,145335.84,0.0,0.0,26160.45,26160.45,171496.29
INV00670,06IJXBV2425KOZ2,INV/082025/00026,2025-08-12,08-2025,95386.4,0.0,0.0,11446.37,11446.37,106832.77
INV00671,06IJXBV2425KOZ2,INV/112025/00027,2025-11-17,11-2025,14397.58,0.0,0.0,4031.32,4031.32,18428.9
INV00672,06IJXBV2425KOZ2,INV/102025/00028,2025-10-08,10-2025,149161.21,0.0,0.0,41765.14,41765.14,190926.35
INV00673,06IJXBV2425KOZ2,INV/062025/00029,2025-06-05,06-2025,240852.34,0.0,0.0,28902.28,28902.28,269754.62
INV00674,06IJXBV2425KOZ2,INV/032026/00030,2026-03-30,03-2026,63691.04,0.0,0.0,11464.39,11464.39,75155.43
INV00675,06IJXBV2425KOZ2,INV/052025/00031,2025-05-25,05-2025,4694.24,0.0,0.0,844.96,844.96,5539.2
INV00676,06IJXBV2425KOZ2,INV/042025/00032,2025-04-06,04-2025,248152.41,0.0,0.0,12407.62,12407.62,260560.03
INV00677,06IJXBV2425KOZ2,INV/022026/00033,2026-02-13,02-2026,8558.22,0.0,0.0,1026.99,1026.99,9585.21
INV00678,06IJXBV2425KOZ2,INV/102025/00034,2025-10-12,10-2025,137800.47,0.0,0.0,16536.06,16536.06,154336.53
INV00679,06IJXBV2425KOZ2,INV/082025/00035,2025-08-13,08-2025,161933.77,0.0,0.0,8096.69,8096.69,170030.46
INV00680,06IJXBV2425KOZ2,INV/122025/00036,2025-12-07,12-2025,186639.7,0.0,0.0,9331.99,9331.99,195971.69
INV00681,06IJXBV2425KOZ2,INV/032026/00037,2026-03-08,03-2026,208271.83,0.0,0.0,37488.93,37488.93,245760.76
INV00682,06IJXBV2425KOZ2,INV/012026/00038,2026-01-22,01-2026,206239.12,0.0,0.0,24748.69,24748.69,230987.81
INV00683,06IJXBV2425KOZ2,INV/122025/00039,2025-12-05,12-2025,151133.81,0.0,0.0,42317.47,42317.47,193451.28
INV00684,06IJXBV2425KOZ2,INV/052025/00040,2025-05-27,05-2025,153466.89,0.0,0.0,7673.34,7673.34,161140.23
INV00685,06IJXBV2425KOZ2,INV/032026/00041,2026-03-05,03-2026,113432.26,0.0,0.0,31761.03,31761.03,145193.29
INV00686,06IJXBV2425KOZ2,INV/012026/00042,2026-01-30,01-2026,200259.02,0.0,0.0,24031.08,24031.08,224290.1
INV00687,06IJXBV2425KOZ2,INV/072025/00043,2025-07-30,07-2025,207815.51,0.0,0.0,24937.86,24937.86,232753.37
INV00688,06IJXBV2425KOZ2,INV/102025/00044,2025-10-01,10-2025,239953.92,0.0,0.0,11997.7,11997.7,251951.62
INV00689,06IJXBV2425KOZ2,INV/062025/00045,2025-06-24,06-2025,193075.78,0.0,0.0,54061.22,54061.22,247137.0
INV00690,06IJXBV2425KOZ2,INV/112025/00046,2025-11-18,11-2025,30921.43,0.0,0.0,5565.86,5565.86,36487.29
INV00691,06IJXBV2425KOZ2,INV/122025/00047,2025-12-18,12-2025,110848.83,0.0,0.0,5542.44,5542.44,116391.27
INV00692,06IJXBV2425KOZ2,INV/062025/00048,2025-06-25,06-2025,185698.95,0.0,0.0,51995.71,51995.71,237694.66
INV00693,06IJXBV2425KOZ2,INV/082025/00049,2025-08-25,08-2025,195428.92,0.0,0.0,9771.45,9771.45,205200.37
INV00694,27GOLCG1394YCZX,INV/122025/00001,2025-12-22,12-2025,28327.57,0.0,0.0,1416.38,1416.38,29743.95
INV00695,27GOLCG1394YCZX,INV/122025/00002,2025-12-22,12-2025,151954.1,0.0,0.0,27351.74,27351.74,179305.84
INV00696,27GOLCG1394YCZX,INV/062025/00003,2025-06-19,06-2025,18145.99,0.0,0.0,2177.52,2177.52,20323.51
INV00697,27GOLCG1394YCZX,INV/022026/00004,2026-02-19,02-2026,57213.35,0.0,0.0,6865.6,6865.6,64078.95
INV00698,27GOLCG1394YCZX,INV/072025/00005,2025-07-27,07-2025,124689.82,0.0,0.0,22444.17,22444.17,147133.99
INV00699,27GOLCG1394YCZX,INV/022026/00006,2026-02-06,02-2026,64474.33,0.0,0.0,11605.38,11605.38,76079.71
INV00700,27GOLCG1394YCZX,INV/032026/00007,2026-03-30,03-2026,13373.65,0.0,0.0,2407.26,2407.26,15780.91
INV00701,27GOLCG1394YCZX,INV/102025/00008,2025-10-06,10-2025,54301.34,0.0,0.0,6516.16,6516.16,60817.5
INV00702,27GOLCG1394YCZX,INV/082025/00009,2025-08-02,08-2025,191602.72,0.0,0.0,34488.49,34488.49,226091.21
INV00703,27GOLCG1394YCZX,INV/022026/00010,2026-02-28,02-2026,240173.74,0.0,0.0,12008.69,12008.69,252182.43
INV00704,27GOLCG1394YCZX,INV/122025/00011,2025-12-16,12-2025,71453.95,0.0,0.0,8574.47,8574.47,80028.42
INV00705,27GOLCG1394YCZX,INV/072025/00012,2025-07-12,07-2025,110452.07,0.0,0.0,13254.25,13254.25,123706.32
INV00706,27GOLCG1394YCZX,INV/052025/00013,2025-05-12,05-2025,105853.54,0.0,0.0,29638.99,29638.99,135492.53
INV00707,27GOLCG1394YCZX,INV/012026/00014,2026-01-05,01-2026,245764.9,0.0,0.0,44237.68,44237.68,290002.58
INV00708,27GOLCG1394YCZX,INV/072025/00015,2025-07-31,07-2025,85044.4,0.0,0.0,4252.22,4252.22,89296.62
INV00709,27GOLCG1394YCZX,INV/092025/00016,2025-09-04,09-2025,83368.95,0.0,0.0,15006.41,15006.41,98375.36
INV00710,27GOLCG1394YCZX,INV/032026/00017,2026-03-07,03-2026,45620.08,0.0,0.0,2281.0,2281.0,47901.08
INV00711,27GOLCG1394YCZX,INV/122025/00018,2025-12-31,12-2025,141326.37,0.0,0.0,7066.32,7066.32,148392.69
INV00712,27GOLCG1394YCZX,INV/072025/00019,2025-07-29,07-2025,21670.74,0.0,0.0,2600.49,2600.49,24271.23
INV00713,27GOLCG1394YCZX,INV/102025/00020,2025-10-06,10-2025,15318.75,0.0,0.0,765.94,765.94,16084.69
INV00714,27GOLCG1394YCZX,INV/072025/00021,2025-07-02,07-2025,68741.52,0.0,0.0,12373.47,12373.47,81114.99
INV00715,27GOLCG1394YCZX,INV/082025/00022,2025-08-04,08-2025,198645.77,0.0,0.0,9932.29,9932.29,208578.06
INV00716,27GOLCG1394YCZX,INV/122025/00023,2025-12-12,12-2025,98148.78,0.0,0.0,4907.44,4907.44,103056.22
INV00717,27GOLCG1394YCZX,INV/112025/00024,2025-11-09,11-2025,34277.68,0.0,0.0,1713.88,1713.88,35991.56
INV00718,27GOLCG1394YCZX,INV/082025/00025,2025-08-04,08-2025,117191.94,0.0,0.0,21094.55,21094.55,138286.49
INV00719,27GOLCG1394YCZX,INV/052025/00026,2025-05-11,05-2025,145522.11,0.0,0.0,40746.19,40746.19,186268.3
INV00720,27GOLCG1394YCZX,INV/032026/00027,2026-03-12,03-2026,56400.04,0.0,0.0,6768.0,6768.0,63168.04
INV00721,27GOLCG1394YCZX,INV/112025/00028,2025-11-02,11-2025,45549.64,0.0,0.0,2277.48,2277.48,47827.12
INV00722,27GOLCG1394YCZX,INV/012026/00029,2026-01-11,01-2026,14419.74,0.0,0.0,1730.37,1730.37,16150.11
INV00723,27GOLCG1394YCZX,INV/082025/00030,2025-08-13,08-2025,44529.4,0.0,0.0,8015.29,8015.29,52544.69
INV00724,27GOLCG1394YCZX,INV/072025/00031,2025-07-25,07-2025,169508.11,0.0,0.0,30511.46,30511.46,200019.57
INV00725,27GOLCG1394YCZX,INV/122025/00032,2025-12-22,12-2025,20249.45,0.0,0.0,5669.85,5669.85,25919.3
INV00726,27GOLCG1394YCZX,INV/122025/00033,2025-12-24,12-2025,176649.01,0.0,0.0,8832.45,8832.45,185481.46
INV00727,27GOLCG1394YCZX,INV/032026/00034,2026-03-10,03-2026,152957.49,0.0,0.0,7647.87,7647.87,160605.36
INV00728,27GOLCG1394YCZX,INV/082025/00035,2025-08-30,08-2025,116935.67,0.0,0.0,21048.42,21048.42,137984.09
INV00729,27GOLCG1394YCZX,INV/082025/00036,2025-08-28,08-2025,21365.88,0.0,0.0,2563.91,2563.91,23929.79
INV00730,27GOLCG1394YCZX,INV/042025/00037,2025-04-23,04-2025,217710.26,0.0,0.0,26125.23,26125.23,243835.49
INV00731,27GOLCG1394YCZX,INV/072025/00038,2025-07-02,07-2025,106741.91,0.0,0.0,12809.03,12809.03,119550.94
INV00732,27GOLCG1394YCZX,INV/092025/00039,2025-09-02,09-2025,135392.49,0.0,0.0,6769.62,6769.62,142162.11
INV00733,27GOLCG1394YCZX,INV/102025/00040,2025-10-07,10-2025,202397.24,0.0,0.0,36431.5,36431.5,238828.74
INV00734,27GOLCG1394YCZX,INV/012026/00041,2026-01-30,01-2026,10524.01,0.0,0.0,1894.32,1894.32,12418.33
INV00735,27GOLCG1394YCZX,INV/122025/00042,2025-12-10,12-2025,24628.51,0.0,0.0,4433.13,4433.13,29061.64
INV00736,27GOLCG1394YCZX,INV/062025/00043,2025-06-23,06-2025,39460.74,0.0,0.0,11049.01,11049.01,50509.75
INV00737,27GOLCG1394YCZX,INV/012026/00044,2026-01-15,01-2026,138932.74,0.0,0.0,6946.64,6946.64,145879.38
INV00738,27GOLCG1394YCZX,INV/052025/00045,2025-05-12,05-2025,167528.71,0.0,0.0,8376.44,8376.44,175905.15
INV00739,27GOLCG1394YCZX,INV/022026/00046,2026-02-27,02-2026,237131.66,0.0,0.0,42683.7,42683.7,279815.36
INV00740,27GOLCG1394YCZX,INV/052025/00047,2025-05-11,05-2025,225117.84,0.0,0.0,40521.21,40521.21,265639.05
INV00741,27GOLCG1394YCZX,INV/092025/00048,2025-09-14,09-2025,127072.86,0.0,0.0,35580.4,35580.4,162653.26
INV00742,27GOLCG1394YCZX,INV/102025/00049,2025-10-27,10-2025,137545.1,0.0,0.0,38512.63,38512.63,176057.73
INV00743,27GOLCG1394YCZX,INV/092025/00050,2025-09-22,09-2025,142213.38,0.0,0.0,7110.67,7110.67,149324.05
INV00744,27GOLCG1394YCZX,INV/122025/00051,2025-12-05,12-2025,107370.2,0.0,0.0,30063.66,30063.66,137433.86
INV00745,06CRCHY8380GYZQ,INV/072025/00001,2025-07-09,07-2025,58068.48,0.0,0.0,16259.17,16259.17,74327.65
INV00746,06CRCHY8380GYZQ,INV/052025/00002,2025-05-26,05-2025,124567.61,0.0,0.0,6228.38,6228.38,130795.99
INV00747,06CRCHY8380GYZQ,INV/032026/00003,2026-03-20,03-2026,224338.77,0.0,0.0,40380.98,40380.98,264719.75
INV00748,06CRCHY8380GYZQ,INV/052025/00004,2025-05-27,05-2025,41329.91,0.0,0.0,11572.37,11572.37,52902.28
INV00749,06CRCHY8380GYZQ,INV/112025/00005,2025-11-27,11-2025,104068.79,0.0,0.0,29139.26,29139.26,133208.05
INV00750,06CRCHY8380GYZQ,INV/012026/00006,2026-01-04,01-2026,66942.55,0.0,0.0,8033.11,8033.11,74975.66
INV00751,06CRCHY8380GYZQ,INV/082025/00007,2025-08-01,08-2025,93638.47,0.0,0.0,4681.92,4681.92,98320.39
INV00752,06CRCHY8380GYZQ,INV/062025/00008,2025-06-20,06-2025,92793.59,0.0,0.0,4639.68,4639.68,97433.27
INV00753,06CRCHY8380GYZQ,INV/042025/00009,2025-04-13,04-2025,213540.24,0.0,0.0,10677.01,10677.01,224217.25
INV00754,06CRCHY8380GYZQ,INV/032026/00010,2026-03-03,03-2026,143537.71,0.0,0.0,7176.89,7176.89,150714.6
INV00755,06CRCHY8380GYZQ,INV/092025/00011,2025-09-08,09-2025,82298.11,0.0,0.0,23043.47,23043.47,105341.58
INV00756,06CRCHY8380GYZQ,INV/012026/00012,2026-01-22,01-2026,168981.78,0.0,0.0,30416.72,30416.72,199398.5
INV00757,06CRCHY8380GYZQ,INV/022026/00013,2026-02-12,02-2026,152628.06,0.0,0.0,7631.4,7631.4,160259.46
INV00758,06CRCHY8380GYZQ,INV/012026/00014,2026-01-05,01-2026,22060.07,0.0,0.0,2647.21,2647.21,24707.28
INV00759,06CRCHY8380GYZQ,INV/042025/00015,2025-04-04,04-2025,130655.89,0.0,0.0,36583.65,36583.65,167239.54
INV00760,06CRCHY8380GYZQ,INV/092025/00016,2025-09-26,09-2025,111723.33,0.0,0.0,13406.8,13406.8,125130.13
INV00761,06CRCHY8380GYZQ,INV/082025/00017,2025-08-23,08-2025,184992.29,0.0,0.0,9249.61,9249.61,194241.9
INV00762,06CRCHY8380GYZQ,INV/052025/00018,2025-05-19,05-2025,74336.72,0.0,0.0,8920.41,8920.41,83257.13
INV00763,06CRCHY8380GYZQ,INV/042025/00019,2025-04-09,04-2025,80268.33,0.0,0.0,9632.2,9632.2,89900.53
INV00764,06CRCHY8380GYZQ,INV/112025/00020,2025-11-20,11-2025,117063.23,0.0,0.0,5853.16,5853.16,122916.39
INV00765,06CRCHY8380GYZQ,INV/072025/00021,2025-07-10,07-2025,200446.85,0.0,0.0,36080.43,36080.43,236527.28
INV00766,06CRCHY8380GYZQ,INV/112025/00022,2025-11-17,11-2025,232558.87,0.0,0.0,27907.06,27907.06,260465.93
INV00767,06CRCHY8380GYZQ,INV/032026/00023,2026-03-01,03-2026,214756.59,0.0,0.0,60131.85,60131.85,274888.44
INV00768,06CRCHY8380GYZQ,INV/012026/00024,2026-01-03,01-2026,215770.09,0.0,0.0,10788.5,10788.5,226558.59
INV00769,06CRCHY8380GYZQ,INV/122025/00025,2025-12-16,12-2025,173196.88,0.0,0.0,31175.44,31175.44,204372.32
INV00770,06CRCHY8380GYZQ,INV/042025/00026,2025-04-12,04-2025,201380.43,0.0,0.0,24165.65,24165.65,225546.08
INV00771,06CRCHY8380GYZQ,INV/042025/00027,2025-04-06,04-2025,72261.39,0.0,0.0,3613.07,3613.07,75874.46
INV00772,06CRCHY8380GYZQ,INV/032026/00028,2026-03-30,03-2026,184596.2,0.0,0.0,51686.94,51686.94,236283.14
INV00773,06CRCHY8380GYZQ,INV/092025/00029,2025-09-14,09-2025,83585.03,0.0,0.0,23403.81,23403.81,106988.84
INV00774,06CRCHY8380GYZQ,INV/082025/00030,2025-08-18,08-2025,10124.68,0.0,0.0,1822.44,1822.44,11947.12
INV00775,06CRCHY8380GYZQ,INV/022026/00031,2026-02-05,02-2026,66645.71,0.0,0.0,18660.8,18660.8,85306.51
INV00776,06CRCHY8380GYZQ,INV/012026/00032,2026-01-08,01-2026,118869.69,0.0,0.0,5943.48,5943.48,124813.17
INV00777,06CRCHY8380GYZQ,INV/032026/00033,2026-03-27,03-2026,230594.44,0.0,0.0,41507.0,41507.0,272101.44
INV00778,06CRCHY8380GYZQ,INV/042025/00034,2025-04-17,04-2025,8090.17,0.0,0.0,1456.23,1456.23,9546.4
INV00779,06CRCHY8380GYZQ,INV/072025/00035,2025-07-05,07-2025,86226.16,0.0,0.0,15520.71,15520.71,101746.87
INV00780,06CRCHY8380GYZQ,INV/012026/00036,2026-01-18,01-2026,246692.19,0.0,0.0,12334.61,12334.61,259026.8
INV00781,06CRCHY8380GYZQ,INV/092025/00037,2025-09-01,09-2025,215832.69,0.0,0.0,60433.15,60433.15,276265.84
INV00782,06CRCHY8380GYZQ,INV/072025/00038,2025-07-08,07-2025,247731.11,0.0,0.0,69364.71,69364.71,317095.82
INV00783,06CRCHY8380GYZQ,INV/092025/00039,2025-09-17,09-2025,62686.71,0.0,0.0,7522.41,7522.41,70209.12
INV00784,06CRCHY8380GYZQ,INV/092025/00040,2025-09-10,09-2025,212509.66,0.0,0.0,25501.16,25501.16,238010.82
INV00785,06CRCHY8380GYZQ,INV/112025/00041,2025-11-18,11-2025,205670.4,0.0,0.0,24680.45,24680.45,230350.85
INV00786,06CRCHY8380GYZQ,INV/082025/00042,2025-08-04,08-2025,87519.28,0.0,0.0,4375.96,4375.96,91895.24
INV00787,07UVGLZ0170Q0ZX,INV/092025/00001,2025-09-05,09-2025,146322.83,8779.37,8779.37,0.0,17558.74,163881.57
INV00788,07UVGLZ0170Q0ZX,INV/052025/00002,2025-05-03,05-2025,57866.49,8101.31,8101.31,0.0,16202.62,74069.11
INV00789,07UVGLZ0170Q0ZX,INV/022026/00003,2026-02-13,02-2026,154703.01,21658.42,21658.42,0.0,43316.84,198019.85
INV00790,07UVGLZ0170Q0ZX,INV/092025/00004,2025-09-03,09-2025,99330.47,5959.83,5959.83,0.0,11919.66,111250.13
INV00791,07UVGLZ0170Q0ZX,INV/072025/00005,2025-07-19,07-2025,235438.67,14126.32,14126.32,0.0,28252.64,263691.31
INV00792,07UVGLZ0170Q0ZX,INV/092025/00006,2025-09-25,09-2025,235436.89,32961.16,32961.16,0.0,65922.32,301359.21
INV00793,07UVGLZ0170Q0ZX,INV/072025/00007,2025-07-29,07-2025,239017.15,14341.03,14341.03,0.0,28682.06,267699.21
INV00794,07UVGLZ0170Q0ZX,INV/052025/00008,2025-05-22,05-2025,132128.63,3303.22,3303.22,0.0,6606.44,138735.07
INV00795,07UVGLZ0170Q0ZX,INV/012026/00009,2026-01-23,01-2026,139139.58,3478.49,3478.49,0.0,6956.98,146096.56
INV00796,07UVGLZ0170Q0ZX,INV/012026/00010,2026-01-18,01-2026,165392.75,14885.35,14885.35,0.0,29770.7,195163.45
INV00797,07UVGLZ0170Q0ZX,INV/022026/00011,2026-02-04,02-2026,147808.37,3695.21,3695.21,0.0,7390.42,155198.79
INV00798,07UVGLZ0170Q0ZX,INV/052025/00012,2025-05-05,05-2025,83130.13,11638.22,11638.22,0.0,23276.44,106406.57
INV00799,07UVGLZ0170Q0ZX,INV/022026/00013,2026-02-09,02-2026,191021.95,26743.07,26743.07,0.0,53486.14,244508.09
INV00800,07UVGLZ0170Q0ZX,INV/092025/00014,2025-09-30,09-2025,235898.55,14153.91,14153.91,0.0,28307.82,264206.37
INV00801,07UVGLZ0170Q0ZX,INV/052025/00015,2025-05-16,05-2025,183677.4,4591.94,4591.94,0.0,9183.88,192861.28
INV00802,07UVGLZ0170Q0ZX,INV/102025/00016,2025-10-17,10-2025,106325.1,14885.51,14885.51,0.0,29771.02,136096.12
INV00803,07UVGLZ0170Q0ZX,INV/012026/00017,2026-01-14,01-2026,93805.93,5628.36,5628.36,0.0,11256.72,105062.65
INV00804,07UVGLZ0170Q0ZX,INV/092025/00018,2025-09-12,09-2025,13922.81,1253.05,1253.05,0.0,2506.1,16428.91
INV00805,07UVGLZ0170Q0ZX,INV/022026/00019,2026-02-05,02-2026,123365.38,17271.15,17271.15,0.0,34542.3,157907.68
INV00806,07UVGLZ0170Q0ZX,INV/032026/00020,2026-03-23,03-2026,27318.36,3824.57,3824.57,0.0,7649.14,34967.5
INV00807,07UVGLZ0170Q0ZX,INV/022026/00021,2026-02-07,02-2026,188149.8,16933.48,16933.48,0.0,33866.96,222016.76
INV00808,07UVGLZ0170Q0ZX,INV/042025/00022,2025-04-24,04-2025,73460.1,6611.41,6611.41,0.0,13222.82,86682.92
INV00809,07UVGLZ0170Q0ZX,INV/022026/00023,2026-02-15,02-2026,133641.59,18709.82,18709.82,0.0,37419.64,171061.23
INV00810,07UVGLZ0170Q0ZX,INV/032026/00024,2026-03-17,03-2026,158209.98,14238.9,14238.9,0.0,28477.8,186687.78
INV00811,07UVGLZ0170Q0ZX,INV/092025/00025,2025-09-24,09-2025,115493.87,2887.35,2887.35,0.0,5774.7,121268.57
INV00812,07UVGLZ0170Q0ZX,INV/102025/00026,2025-10-13,10-2025,94400.32,13216.04,13216.04,0.0,26432.08,120832.4
INV00813,07UVGLZ0170Q0ZX,INV/102025/00027,2025-10-09,10-2025,173369.74,10402.18,10402.18,0.0,20804.36,194174.1
INV00814,07UVGLZ0170Q0ZX,INV/022026/00028,2026-02-07,02-2026,78411.22,1960.28,1960.28,0.0,3920.56,82331.78
INV00815,07UVGLZ0170Q0ZX,INV/022026/00029,2026-02-28,02-2026,240567.15,6014.18,6014.18,0.0,12028.36,252595.51
INV00816,07UVGLZ0170Q0ZX,INV/042025/00030,2025-04-04,04-2025,72930.32,1823.26,1823.26,0.0,3646.52,76576.84
INV00817,07UVGLZ0170Q0ZX,INV/052025/00031,2025-05-05,05-2025,243748.72,21937.38,21937.38,0.0,43874.76,287623.48
INV00818,07UVGLZ0170Q0ZX,INV/102025/00032,2025-10-15,10-2025,169552.31,15259.71,15259.71,0.0,30519.42,200071.73
INV00819,07UVGLZ0170Q0ZX,INV/102025/00033,2025-10-01,10-2025,30889.58,1853.37,1853.37,0.0,3706.74,34596.32
INV00820,07UVGLZ0170Q0ZX,INV/012026/00034,2026-01-05,01-2026,30615.3,765.38,765.38,0.0,1530.76,32146.06
INV00821,07UVGLZ0170Q0ZX,INV/042025/00035,2025-04-21,04-2025,196169.1,4904.23,4904.23,0.0,9808.46,205977.56
INV00822,07UVGLZ0170Q0ZX,INV/092025/00036,2025-09-20,09-2025,104710.62,9423.96,9423.96,0.0,18847.92,123558.54
INV00823,07UVGLZ0170Q0ZX,INV/052025/00037,2025-05-08,05-2025,100264.68,2506.62,2506.62,0.0,5013.24,105277.92
INV00824,07UVGLZ0170Q0ZX,INV/042025/00038,2025-04-02,04-2025,55319.34,7744.71,7744.71,0.0,15489.42,70808.76
INV00825,07UVGLZ0170Q0ZX,INV/072025/00039,2025-07-24,07-2025,149441.85,13449.77,13449.77,0.0,26899.54,176341.39
INV00826,07UVGLZ0170Q0ZX,INV/012026/00040,2026-01-03,01-2026,216695.69,13001.74,13001.74,0.0,26003.48,242699.17
INV00827,07UVGLZ0170Q0ZX,INV/052025/00041,2025-05-26,05-2025,241836.17,14510.17,14510.17,0.0,29020.34,270856.51
INV00828,07UVGLZ0170Q0ZX,INV/042025/00042,2025-04-09,04-2025,47167.02,6603.38,6603.38,0.0,13206.76,60373.78
INV00829,07UVGLZ0170Q0ZX,INV/122025/00043,2025-12-12,12-2025,195511.3,4887.78,4887.78,0.0,9775.56,205286.86
INV00830,07UVGLZ0170Q0ZX,INV/102025/00044,2025-10-19,10-2025,168796.22,23631.47,23631.47,0.0,47262.94,216059.16
INV00831,07UVGLZ0170Q0ZX,INV/042025/00045,2025-04-21,04-2025,101793.6,6107.62,6107.62,0.0,12215.24,114008.84
INV00832,07UVGLZ0170Q0ZX,INV/102025/00046,2025-10-26,10-2025,209026.15,5225.65,5225.65,0.0,10451.3,219477.45
INV00833,07UVGLZ0170Q0ZX,INV/122025/00047,2025-12-24,12-2025,13149.03,328.73,328.73,0.0,657.46,13806.49
INV00834,27YTHJY0537C0ZM,INV/012026/00001,2026-01-03,01-2026,147883.18,0.0,0.0,26618.97,26618.97,174502.15
INV00835,27YTHJY0537C0ZM,INV/032026/00002,2026-03-03,03-2026,226612.15,0.0,0.0,63451.4,63451.4,290063.55
INV00836,27YTHJY0537C0ZM,INV/012026/00003,2026-01-01,01-2026,12785.99,0.0,0.0,1534.32,1534.32,14320.31
INV00837,27YTHJY0537C0ZM,INV/052025/00004,2025-05-10,05-2025,153326.55,0.0,0.0,42931.43,42931.43,196257.98
INV00838,27YTHJY0537C0ZM,INV/072025/00005,2025-07-08,07-2025,190428.34,0.0,0.0,53319.94,53319.94,243748.28
INV00839,27YTHJY0537C0ZM,INV/032026/00006,2026-03-23,03-2026,54918.93,0.0,0.0,15377.3,15377.3,70296.23
INV00840,27YTHJY0537C0ZM,INV/032026/00007,2026-03-13,03-2026,186278.97,0.0,0.0,22353.48,22353.48,208632.45
INV00841,27YTHJY0537C0ZM,INV/052025/00008,2025-05-25,05-2025,136644.38,0.0,0.0,24595.99,24595.99,161240.37
INV00842,27YTHJY0537C0ZM,INV/052025/00009,2025-05-21,05-2025,28883.76,0.0,0.0,5199.08,5199.08,34082.84
INV00843,27YTHJY0537C0ZM,INV/092025/00010,2025-09-26,09-2025,102821.5,0.0,0.0,5141.08,5141.08,107962.58
INV00844,27YTHJY0537C0ZM,INV/102025/00011,2025-10-24,10-2025,192887.97,0.0,0.0,9644.4,9644.4,202532.37
INV00845,27YTHJY0537C0ZM,INV/022026/00012,2026-02-09,02-2026,101978.43,0.0,0.0,5098.92,5098.92,107077.35
INV00846,27YTHJY0537C0ZM,INV/052025/00013,2025-05-20,05-2025,11253.89,0.0,0.0,562.69,562.69,11816.58
INV00847,27YTHJY0537C0ZM,INV/072025/00014,2025-07-03,07-2025,133725.81,0.0,0.0,6686.29,6686.29,140412.1
INV00848,27YTHJY0537C0ZM,INV/082025/00015,2025-08-21,08-2025,229021.26,0.0,0.0,41223.83,41223.83,270245.09
INV00849,27YTHJY0537C0ZM,INV/092025/00016,2025-09-12,09-2025,182749.45,0.0,0.0,32894.9,32894.9,215644.35
INV00850,27YTHJY0537C0ZM,INV/032026/00017,2026-03-10,03-2026,200489.54,0.0,0.0,36088.12,36088.12,236577.66
INV00851,27YTHJY0537C0ZM,INV/012026/00018,2026-01-17,01-2026,100883.03,0.0,0.0,12105.96,12105.96,112988.99
INV00852,27YTHJY0537C0ZM,INV/112025/00019,2025-11-06,11-2025,191295.21,0.0,0.0,9564.76,9564.76,200859.97
INV00853,27YTHJY0537C0ZM,INV/052025/00020,2025-05-26,05-2025,189178.51,0.0,0.0,52969.98,52969.98,242148.49
INV00854,27YTHJY0537C0ZM,INV/032026/00021,2026-03-18,03-2026,33209.15,0.0,0.0,1660.46,1660.46,34869.61
INV00855,27YTHJY0537C0ZM,INV/092025/00022,2025-09-22,09-2025,71813.91,0.0,0.0,20107.89,20107.89,91921.8
INV00856,27YTHJY0537C0ZM,INV/112025/00023,2025-11-03,11-2025,16664.06,0.0,0.0,4665.94,4665.94,21330.0
INV00857,27YTHJY0537C0ZM,INV/042025/00024,2025-04-17,04-2025,28273.4,0.0,0.0,1413.67,1413.67,29687.07
INV00858,27YTHJY0537C0ZM,INV/082025/00025,2025-08-05,08-2025,112378.75,0.0,0.0,5618.94,5618.94,117997.69
INV00859,27YTHJY0537C0ZM,INV/012026/00026,2026-01-03,01-2026,198800.64,0.0,0.0,55664.18,55664.18,254464.82
INV00860,27YTHJY0537C0ZM,INV/022026/00027,2026-02-19,02-2026,74102.01,0.0,0.0,8892.24,8892.24,82994.25
INV00861,27YTHJY0537C0ZM,INV/122025/00028,2025-12-17,12-2025,169660.57,0.0,0.0,8483.03,8483.03,178143.6
INV00862,27YTHJY0537C0ZM,INV/122025/00029,2025-12-20,12-2025,39744.04,0.0,0.0,7153.93,7153.93,46897.97
INV00863,27YTHJY0537C0ZM,INV/032026/00030,2026-03-06,03-2026,8178.7,0.0,0.0,981.44,981.44,9160.14
INV00864,27YTHJY0537C0ZM,INV/022026/00031,2026-02-25,02-2026,10241.34,0.0,0.0,1228.96,1228.96,11470.3
INV00865,27YTHJY0537C0ZM,INV/052025/00032,2025-05-06,05-2025,91133.69,0.0,0.0,10936.04,10936.04,102069.73
INV00866,27YTHJY0537C0ZM,INV/092025/00033,2025-09-20,09-2025,26023.89,0.0,0.0,3122.87,3122.87,29146.76
INV00867,27YTHJY0537C0ZM,INV/102025/00034,2025-10-19,10-2025,198234.38,0.0,0.0,55505.63,55505.63,253740.01
INV00868,27YTHJY0537C0ZM,INV/092025/00035,2025-09-08,09-2025,2928.36,0.0,0.0,351.4,351.4,3279.76
INV00869,27YTHJY0537C0ZM,INV/112025/00036,2025-11-15,11-2025,56422.47,0.0,0.0,6770.7,6770.7,63193.17
INV00870,27YTHJY0537C0ZM,INV/072025/00037,2025-07-29,07-2025,122706.25,0.0,0.0,22087.12,22087.12,144793.37
INV00871,27YTHJY0537C0ZM,INV/062025/00038,2025-06-15,06-2025,124611.08,0.0,0.0,34891.1,34891.1,159502.18
INV00872,27YTHJY0537C0ZM,INV/042025/00039,2025-04-25,04-2025,85569.28,0.0,0.0,23959.4,23959.4,109528.68
INV00873,27YTHJY0537C0ZM,INV/022026/00040,2026-02-17,02-2026,118922.84,0.0,0.0,21406.11,21406.11,140328.95
INV00874,27YTHJY0537C0ZM,INV/082025/00041,2025-08-23,08-2025,182333.8,0.0,0.0,9116.69,9116.69,191450.49
INV00875,27YTHJY0537C0ZM,INV/042025/00042,2025-04-15,04-2025,183660.42,0.0,0.0,51424.92,51424.92,235085.34
INV00876,27YTHJY0537C0ZM,INV/082025/00043,2025-08-29,08-2025,84207.2,0.0,0.0,15157.3,15157.3,99364.5
INV00877,27YTHJY0537C0ZM,INV/032026/00044,2026-03-08,03-2026,243488.08,0.0,0.0,43827.85,43827.85,287315.93
INV00878,27YTHJY0537C0ZM,INV/122025/00045,2025-12-13,12-2025,14734.62,0.0,0.0,4125.69,4125.69,18860.31
INV00879,27YTHJY0537C0ZM,INV/082025/00046,2025-08-17,08-2025,146113.02,0.0,0.0,7305.65,7305.65,153418.67
INV00880,27YTHJY0537C0ZM,INV/072025/00047,2025-07-07,07-2025,148831.72,0.0,0.0,26789.71,26789.71,175621.43
INV00881,27YTHJY0537C0ZM,INV/032026/00048,2026-03-18,03-2026,80862.96,0.0,0.0,9703.56,9703.56,90566.52
INV00882,27YTHJY0537C0ZM,INV/102025/00049,2025-10-26,10-2025,170167.36,0.0,0.0,47646.86,47646.86,217814.22
INV00883,27YTHJY0537C0ZM,INV/012026/00050,2026-01-27,01-2026,160214.99,0.0,0.0,8010.75,8010.75,168225.74
INV00884,27YTHJY0537C0ZM,INV/022026/00051,2026-02-02,02-2026,27647.15,0.0,0.0,7741.2,7741.2,35388.35
INV00885,27YTHJY0537C0ZM,INV/032026/00052,2026-03-27,03-2026,196540.72,0.0,0.0,9827.04,9827.04,206367.76
INV00886,27YTHJY0537C0ZM,INV/072025/00053,2025-07-02,07-2025,144797.66,0.0,0.0,26063.58,26063.58,170861.24
INV00887,27YTHJY0537C0ZM,INV/062025/00054,2025-06-05,06-2025,53949.23,0.0,0.0,15105.78,15105.78,69055.01
INV00888,27YTHJY0537C0ZM,INV/072025/00055,2025-07-05,07-2025,155316.01,0.0,0.0,27956.88,27956.88,183272.89
INV00889,27YTHJY0537C0ZM,INV/062025/00056,2025-06-10,06-2025,7074.62,0.0,0.0,1273.43,1273.43,8348.05
INV00890,29ZDSRC9506HTZ0,INV/032026/00001,2026-03-23,03-2026,31699.6,0.0,0.0,1584.98,1584.98,33284.58
INV00891,29ZDSRC9506HTZ0,INV/012026/00002,2026-01-18,01-2026,236286.1,0.0,0.0,66160.11,66160.11,302446.21
INV00892,29ZDSRC9506HTZ0,INV/062025/00003,2025-06-10,06-2025,84387.69,0.0,0.0,10126.52,10126.52,94514.21
INV00893,29ZDSRC9506HTZ0,INV/022026/00004,2026-02-04,02-2026,248272.47,0.0,0.0,69516.29,69516.29,317788.76
INV00894,29ZDSRC9506HTZ0,INV/012026/00005,2026-01-16,01-2026,61492.33,0.0,0.0,17217.85,17217.85,78710.18
INV00895,29ZDSRC9506HTZ0,INV/092025/00006,2025-09-11,09-2025,36356.17,0.0,0.0,1817.81,1817.81,38173.98
INV00896,29ZDSRC9506HTZ0,INV/092025/00007,2025-09-17,09-2025,79930.85,0.0,0.0,22380.64,22380.64,102311.49
INV00897,29ZDSRC9506HTZ0,INV/092025/00008,2025-09-12,09-2025,204731.03,0.0,0.0,24567.72,24567.72,229298.75
INV00898,29ZDSRC9506HTZ0,INV/092025/00009,2025-09-17,09-2025,200778.19,0.0,0.0,56217.89,56217.89,256996.08
INV00899,29ZDSRC9506HTZ0,INV/082025/00010,2025-08-11,08-2025,105996.9,0.0,0.0,29679.13,29679.13,135676.03
INV00900,29ZDSRC9506HTZ0,INV/032026/00011,2026-03-10,03-2026,189567.2,0.0,0.0,53078.82,53078.82,242646.02
INV00901,29ZDSRC9506HTZ0,INV/082025/00012,2025-08-28,08-2025,20647.86,0.0,0.0,5781.4,5781.4,26429.26
INV00902,29ZDSRC9506HTZ0,INV/112025/00013,2025-11-18,11-2025,168261.95,0.0,0.0,30287.15,30287.15,198549.1
INV00903,29ZDSRC9506HTZ0,INV/012026/00014,2026-01-30,01-2026,123184.86,0.0,0.0,22173.27,22173.27,145358.13
INV00904,29ZDSRC9506HTZ0,INV/092025/00015,2025-09-14,09-2025,111331.09,0.0,0.0,5566.55,5566.55,116897.64
INV00905,29ZDSRC9506HTZ0,INV/092025/00016,2025-09-17,09-2025,64347.3,0.0,0.0,7721.68,7721.68,72068.98
INV00906,29ZDSRC9506HTZ0,INV/052025/00017,2025-05-29,05-2025,27787.06,0.0,0.0,7780.38,7780.38,35567.44
INV00907,29ZDSRC9506HTZ0,INV/092025/00018,2025-09-07,09-2025,13772.71,0.0,0.0,688.64,688.64,14461.35
INV00908,29ZDSRC9506HTZ0,INV/012026/00019,2026-01-05,01-2026,91359.65,0.0,0.0,16444.74,16444.74,107804.39
INV00909,29ZDSRC9506HTZ0,INV/052025/00020,2025-05-15,05-2025,95372.04,0.0,0.0,17166.97,17166.97,112539.01
INV00910,29ZDSRC9506HTZ0,INV/022026/00021,2026-02-26,02-2026,140529.49,0.0,0.0,39348.26,39348.26,179877.75
INV00911,29ZDSRC9506HTZ0,INV/102025/00022,2025-10-12,10-2025,8057.11,0.0,0.0,2255.99,2255.99,10313.1
INV00912,29ZDSRC9506HTZ0,INV/012026/00023,2026-01-14,01-2026,66649.92,0.0,0.0,7997.99,7997.99,74647.91
INV00913,29ZDSRC9506HTZ0,INV/022026/00024,2026-02-03,02-2026,73789.27,0.0,0.0,8854.71,8854.71,82643.98
INV00914,29ZDSRC9506HTZ0,INV/012026/00025,2026-01-04,01-2026,167523.31,0.0,0.0,8376.17,8376.17,175899.48
INV00915,29ZDSRC9506HTZ0,INV/082025/00026,2025-08-21,08-2025,14399.11,0.0,0.0,4031.75,4031.75,18430.86
INV00916,29ZDSRC9506HTZ0,INV/012026/00027,2026-01-31,01-2026,17769.57,0.0,0.0,4975.48,4975.48,22745.05
INV00917,29ZDSRC9506HTZ0,INV/092025/00028,2025-09-08,09-2025,25952.82,0.0,0.0,3114.34,3114.34,29067.16
INV00918,29ZDSRC9506HTZ0,INV/052025/00029,2025-05-12,05-2025,134409.85,0.0,0.0,37634.76,37634.76,172044.61
INV00919,29ZDSRC9506HTZ0,INV/122025/00030,2025-12-03,12-2025,33455.78,0.0,0.0,1672.79,1672.79,35128.57
INV00920,29ZDSRC9506HTZ0,INV/032026/00031,2026-03-05,03-2026,134712.92,0.0,0.0,37719.62,37719.62,172432.54
INV00921,29ZDSRC9506HTZ0,INV/052025/00032,2025-05-23,05-2025,88297.64,0.0,0.0,4414.88,4414.88,92712.52
INV00922,29ZDSRC9506HTZ0,INV/092025/00033,2025-09-07,09-2025,89837.41,0.0,0.0,16170.73,16170.73,106008.14
INV00923,29ZDSRC9506HTZ0,INV/072025/00034,2025-07-02,07-2025,126174.4,0.0,0.0,6308.72,6308.72,132483.12
INV00924,29ZDSRC9506HTZ0,INV/022026/00035,2026-02-19,02-2026,199416.38,0.0,0.0,35894.95,35894.95,235311.33
INV00925,29ZDSRC9506HTZ0,INV/022026/00036,2026-02-16,02-2026,88969.44,0.0,0.0,16014.5,16014.5,104983.94
INV00926,29ZDSRC9506HTZ0,INV/082025/00037,2025-08-20,08-2025,7260.19,0.0,0.0,2032.85,2032.85,9293.04
INV00927,29ZDSRC9506HTZ0,INV/082025/00038,2025-08-14,08-2025,162357.2,0.0,0.0,8117.86,8117.86,170475.06
INV00928,29ZDSRC9506HTZ0,INV/082025/00039,2025-08-26,08-2025,102624.06,0.0,0.0,12314.89,12314.89,114938.95
INV00929,29ZDSRC9506HTZ0,INV/082025/00040,2025-08-27,08-2025,187033.49,0.0,0.0,52369.38,52369.38,239402.87
INV00930,29ZDSRC9506HTZ0,INV/072025/00041,2025-07-25,07-2025,189166.55,0.0,0.0,52966.63,52966.63,242133.18
INV00931,29ZDSRC9506HTZ0,INV/102025/00042,2025-10-22,10-2025,150405.28,0.0,0.0,27072.95,27072.95,177478.23
INV00932,29ZDSRC9506HTZ0,INV/062025/00043,2025-06-03,06-2025,180643.53,0.0,0.0,21677.22,21677.22,202320.75
INV00933,29ZDSRC9506HTZ0,INV/032026/00044,2026-03-16,03-2026,81151.6,0.0,0.0,14607.29,14607.29,95758.89
INV00934,29ZDSRC9506HTZ0,INV/072025/00045,2025-07-23,07-2025,40594.1,0.0,0.0,7306.94,7306.94,47901.04
INV00935,29ZDSRC9506HTZ0,INV/112025/00046,2025-11-20,11-2025,87834.17,0.0,0.0,10540.1,10540.1,98374.27
INV00936,29ZDSRC9506HTZ0,INV/112025/00047,2025-11-04,11-2025,84609.58,0.0,0.0,4230.48,4230.48,88840.06
INV00937,29ZDSRC9506HTZ0,INV/052025/00048,2025-05-06,05-2025,32692.31,0.0,0.0,1634.62,1634.62,34326.93
INV00938,29ZDSRC9506HTZ0,INV/062025/00049,2025-06-14,06-2025,127488.48,0.0,0.0,35696.77,35696.77,163185.25
INV00939,29ZDSRC9506HTZ0,INV/062025/00050,2025-06-29,06-2025,86318.67,0.0,0.0,15537.36,15537.36,101856.03
INV00940,29ZDSRC9506HTZ0,INV/092025/00051,2025-09-19,09-2025,127246.59,0.0,0.0,15269.59,15269.59,142516.18
INV00941,29ZDSRC9506HTZ0,INV/052025/00052,2025-05-12,05-2025,229339.0,0.0,0.0,41281.02,41281.02,270620.02
INV00942,29ZDSRC9506HTZ0,INV/022026/00053,2026-02-03,02-2026,12000.88,0.0,0.0,600.04,600.04,12600.92
INV00943,29ZDSRC9506HTZ0,INV/062025/00054,2025-06-30,06-2025,70039.33,0.0,0.0,19611.01,19611.01,89650.34
INV00944,29ZDSRC9506HTZ0,INV/042025/00055,2025-04-23,04-2025,75351.29,0.0,0.0,13563.23,13563.23,88914.52
INV00945,29ZDSRC9506HTZ0,INV/062025/00056,2025-06-01,06-2025,10886.95,0.0,0.0,3048.35,3048.35,13935.3
INV00946,29ZDSRC9506HTZ0,INV/052025/00057,2025-05-05,05-2025,239943.96,0.0,0.0,28793.28,28793.28,268737.24
INV00947,29ZDSRC9506HTZ0,INV/052025/00058,2025-05-30,05-2025,240643.77,0.0,0.0,12032.19,12032.19,252675.96
INV00948,29ACLLH2286XZZJ,INV/022026/00001,2026-02-18,02-2026,75562.11,0.0,0.0,13601.18,13601.18,89163.29
INV00949,29ACLLH2286XZZJ,INV/042025/00002,2025-04-16,04-2025,8931.14,0.0,0.0,2500.72,2500.72,11431.86
INV00950,29ACLLH2286XZZJ,INV/052025/00003,2025-05-29,05-2025,210293.41,0.0,0.0,58882.15,58882.15,269175.56
INV00951,29ACLLH2286XZZJ,INV/022026/00004,2026-02-04,02-2026,74625.68,0.0,0.0,20895.19,20895.19,95520.87
INV00952,29ACLLH2286XZZJ,INV/102025/00005,2025-10-14,10-2025,157325.06,0.0,0.0,18879.01,18879.01,176204.07
INV00953,29ACLLH2286XZZJ,INV/032026/00006,2026-03-28,03-2026,85410.5,0.0,0.0,10249.26,10249.26,95659.76
INV00954,29ACLLH2286XZZJ,INV/052025/00007,2025-05-06,05-2025,198990.11,0.0,0.0,9949.51,9949.51,208939.62
INV00955,29ACLLH2286XZZJ,INV/032026/00008,2026-03-13,03-2026,211712.54,0.0,0.0,59279.51,59279.51,270992.05
INV00956,29ACLLH2286XZZJ,INV/062025/00009,2025-06-27,06-2025,169632.41,0.0,0.0,30533.83,30533.83,200166.24
INV00957,29ACLLH2286XZZJ,INV/122025/00010,2025-12-26,12-2025,65589.26,0.0,0.0,18364.99,18364.99,83954.25
INV00958,29ACLLH2286XZZJ,INV/092025/00011,2025-09-07,09-2025,179025.11,0.0,0.0,50127.03,50127.03,229152.14
INV00959,29ACLLH2286XZZJ,INV/062025/00012,2025-06-30,06-2025,164687.85,0.0,0.0,8234.39,8234.39,172922.24
INV00960,29ACLLH2286XZZJ,INV/082025/00013,2025-08-02,08-2025,241380.73,0.0,0.0,67586.6,67586.6,308967.33
INV00961,29ACLLH2286XZZJ,INV/052025/00014,2025-05-19,05-2025,190913.45,0.0,0.0,34364.42,34364.42,225277.87
INV00962,29ACLLH2286XZZJ,INV/042025/00015,2025-04-12,04-2025,217440.5,0.0,0.0,10872.03,10872.03,228312.53
INV00963,29ACLLH2286XZZJ,INV/112025/00016,2025-11-27,11-2025,157381.13,0.0,0.0,44066.72,44066.72,201447.85
INV00964,29ACLLH2286XZZJ,INV/032026/00017,2026-03-17,03-2026,45461.77,0.0,0.0,8183.12,8183.12,53644.89
INV00965,29ACLLH2286XZZJ,INV/122025/00018,2025-12-04,12-2025,154053.65,0.0,0.0,7702.68,7702.68,161756.33
INV00966,29ACLLH2286XZZJ,INV/112025/00019,2025-11-25,11-2025,57803.2,0.0,0.0,2890.16,2890.16,60693.36
INV00967,29ACLLH2286XZZJ,INV/032026/00020,2026-03-20,03-2026,232816.65,0.0,0.0,41907.0,41907.0,274723.65
INV00968,29ACLLH2286XZZJ,INV/062025/00021,2025-06-15,06-2025,98179.29,0.0,0.0,4908.96,4908.96,103088.25
INV00969,29ACLLH2286XZZJ,INV/052025/00022,2025-05-16,05-2025,26398.72,0.0,0.0,3167.85,3167.85,29566.57
INV00970,29ACLLH2286XZZJ,INV/022026/00023,2026-02-17,02-2026,4287.57,0.0,0.0,514.51,514.51,4802.08
INV00971,29ACLLH2286XZZJ,INV/102025/00024,2025-10-31,10-2025,112572.62,0.0,0.0,5628.63,5628.63,118201.25
INV00972,29ACLLH2286XZZJ,INV/082025/00025,2025-08-31,08-2025,121006.58,0.0,0.0,21781.18,21781.18,142787.76
INV00973,29ACLLH2286XZZJ,INV/052025/00026,2025-05-27,05-2025,8674.21,0.0,0.0,1561.36,1561.36,10235.57
INV00974,29ACLLH2286XZZJ,INV/072025/00027,2025-07-27,07-2025,236472.23,0.0,0.0,66212.22,66212.22,302684.45
INV00975,29ACLLH2286XZZJ,INV/092025/00028,2025-09-28,09-2025,76355.87,0.0,0.0,13744.06,13744.06,90099.93
INV00976,29ACLLH2286XZZJ,INV/102025/00029,2025-10-27,10-2025,120364.06,0.0,0.0,6018.2,6018.2,126382.26
INV00977,29ACLLH2286XZZJ,INV/012026/00030,2026-01-22,01-2026,227170.41,0.0,0.0,63607.71,63607.71,290778.12
INV00978,29ACLLH2286XZZJ,INV/102025/00031,2025-10-06,10-2025,76575.47,0.0,0.0,9189.06,9189.06,85764.53
INV00979,29ACLLH2286XZZJ,INV/112025/00032,2025-11-15,11-2025,74127.0,0.0,0.0,13342.86,13342.86,87469.86
INV00980,29ACLLH2286XZZJ,INV/112025/00033,2025-11-16,11-2025,155501.54,0.0,0.0,7775.08,7775.08,163276.62
INV00981,29ACLLH2286XZZJ,INV/082025/00034,2025-08-09,08-2025,142609.13,0.0,0.0,7130.46,7130.46,149739.59
INV00982,29ACLLH2286XZZJ,INV/092025/00035,2025-09-18,09-2025,57770.22,0.0,0.0,2888.51,2888.51,60658.73
INV00983,29ACLLH2286XZZJ,INV/082025/00036,2025-08-05,08-2025,13187.31,0.0,0.0,2373.72,2373.72,15561.03
INV00984,29ACLLH2286XZZJ,INV/102025/00037,2025-10-19,10-2025,106232.6,0.0,0.0,29745.13,29745.13,135977.73
INV00985,29ACLLH2286XZZJ,INV/092025/00038,2025-09-25,09-2025,125971.78,0.0,0.0,35272.1,35272.1,161243.88
INV00986,29ACLLH2286XZZJ,INV/012026/00039,2026-01-27,01-2026,219943.77,0.0,0.0,26393.25,26393.25,246337.02
INV00987,29ACLLH2286XZZJ,INV/052025/00040,2025-05-21,05-2025,89388.06,0.0,0.0,10726.57,10726.57,100114.63
INV00988,29ACLLH2286XZZJ,INV/112025/00041,2025-11-09,11-2025,66462.14,0.0,0.0,7975.46,7975.46,74437.6
INV00989,29ACLLH2286XZZJ,INV/062025/00042,2025-06-26,06-2025,141561.96,0.0,0.0,7078.1,7078.1,148640.06
INV00990,29ACLLH2286XZZJ,INV/072025/00043,2025-07-20,07-2025,161067.64,0.0,0.0,8053.38,8053.38,169121.02
INV00991,29ACLLH2286XZZJ,INV/052025/00044,2025-05-25,05-2025,109453.78,0.0,0.0,13134.45,13134.45,122588.23
INV00992,29ACLLH2286XZZJ,INV/122025/00045,2025-12-07,12-2025,154938.54,0.0,0.0,7746.93,7746.93,162685.47
INV00993,29ACLLH2286XZZJ,INV/062025/00046,2025-06-24,06-2025,87567.08,0.0,0.0,15762.07,15762.07,103329.15
INV00994,29ACLLH2286XZZJ,INV/032026/00047,2026-03-13,03-2026,20926.84,0.0,0.0,2511.22,2511.22,23438.06
INV00995,29ACLLH2286XZZJ,INV/102025/00048,2025-10-21,10-2025,152664.55,0.0,0.0,42746.07,42746.07,195410.62
INV00996,29ACLLH2286XZZJ,INV/062025/00049,2025-06-01,06-2025,12331.97,0.0,0.0,1479.84,1479.84,13811.81
INV00997,29ACLLH2286XZZJ,INV/022026/00050,2026-02-06,02-2026,190891.31,0.0,0.0,53449.57,53449.57,244340.88
INV00998,29ACLLH2286XZZJ,INV/052025/00051,2025-05-24,05-2025,81476.79,0.0,0.0,9777.21,9777.21,91254.0
INV00999,29ACLLH2286XZZJ,INV/012026/00052,2026-01-09,01-2026,111284.35,0.0,0.0,5564.22,5564.22,116848.57
INV01000,29ACLLH2286XZZJ,INV/122025/00053,2025-12-01,12-2025,157292.11,0.0,0.0,7864.61,7864.61,165156.72
